Date of Race,Time,Track,Horse,Distance,Place,Industry SP,Betfair SP,Predicted_Win_Probability,Race_ID,Predicted_Rank,Top_3_Flag,Odds_To_Use,Expected_Value,Field_Size,Kelly_Fraction,Reject_Reason,Winrate_Threshold,Bet_Placed,Stake,Actual_Result,Bet_Return,Bankroll_After_Race,Max_Bankroll,Drawdown,R_Multiple
2023-02-11,14:25:00,NEWBURY,Fanion DEstruval,2m7½f,4.0,4.33,4.7,0.2104191171487908,2023-02-11_14:25:00,3.0,True,4.33,-0.08888522274573585,7,-0.02669225908280356,kelly_low|,0,False,0.0,0,0.0,10000.0,10000.0,0.0,0.0
2023-02-11,14:25:00,NEWBURY,Does He Know,2m7½f,3.0,8.5,10.0,0.1124287348804942,2023-02-11_14:25:00,4.0,False,8.5,-0.044355753515799345,7,-0.005914100468773246,kelly_low|,0,False,0.0,0,0.0,10000.0,10000.0,0.0,0.0
2023-02-11,15:00:00,NEWBURY,Malystic,2m½f,4.0,6.0,7.52,0.1554196762039404,2023-02-11_15:00:00,4.0,False,6.0,-0.06748194277635766,4,-0.013496388555271532,kelly_low|,0,False,0.0,0,0.0,9900.0,10000.0,100.0,0.0
2023-02-11,15:00:00,NEWBURY,Elixir De Nutz,2m½f,2.0,8.0,8.19,0.20474903808493855,2023-02-11_15:00:00,3.0,True,8.0,0.6379923046795084,4,0.09114175781135835,,0,True,100.0,0,-100.0,9900.0,10000.0,100.0,-1.0
2023-02-19,14:30:00,NEWBURY,Aristobulus,2m½f,3.0,4.33,4.6,0.2655856105099866,2023-02-19_14:30:00,3.0,True,4.33,0.14998569350824187,4,0.04504074880127383,,0,True,99.0,0,-99.0,9702.0,10000.0,298.0,-1.0
2023-02-19,14:30:00,NEWBURY,Up For Appeal,2m½f,2.0,12.0,13.27,0.12847857157643372,2023-02-19_14:30:00,4.0,False,12.0,0.5417428589172048,4,0.04924935081065498,,0,True,99.0,0,-99.0,9702.0,10000.0,298.0,-1.0
2023-02-19,15:00:00,NEWBURY,Imperial Jade,2m½f,2.0,4.33,4.56,0.25265727378414005,2023-02-19_15:00:00,3.0,True,4.33,0.0940059954853264,5,0.02823002867427219,,0,True,97.02,0,-97.02,9604.98,10000.0,395.02000000000044,-1.0
2023-02-19,15:00:00,NEWBURY,Amalfi Skyline,2m½f,,13.0,19.19,0.07344663485487575,2023-02-19_15:00:00,4.0,False,13.0,-0.04519374688661515,5,-0.003766145573884596,kelly_low|,0,False,0.0,0,0.0,9604.98,10000.0,395.02000000000044,0.0
2023-02-19,16:45:00,NEWBURY,Titan Discovery,2m½f,2.0,3.75,4.1,0.2821266444633977,2023-02-19_16:45:00,3.0,True,3.75,0.057974916737741244,4,0.02108178790463318,,0,True,96.0498,0,-96.0498,9508.930199999999,10000.0,491.0698000000011,-1.0
2023-02-19,16:45:00,NEWBURY,Max Wolf,2m½f,4.0,29.0,64.18,0.04333461420133167,2023-02-19_16:45:00,4.0,False,29.0,0.25670381183861835,4,0.009167993279950656,odds_high|,0,False,0.0,0,0.0,9508.930199999999,10000.0,491.0698000000011,0.0
2023-03-03,13:40:00,NEWBURY,Sashenka,2m4½f,1.0,5.0,5.7,0.16431742052074225,2023-03-03_13:40:00,4.0,False,5.0,-0.17841289739628874,7,-0.044603224349072185,kelly_low|,0,False,0.0,1,0.0,9508.930199999999,10000.0,491.0698000000011,0.0
2023-03-03,13:40:00,NEWBURY,Ballycamus,2m4½f,2.0,5.0,5.5,0.17193782852369324,2023-03-03_13:40:00,3.0,True,5.0,-0.14031085738153382,7,-0.035077714345383454,kelly_low|,0,False,0.0,0,0.0,9508.930199999999,10000.0,491.0698000000011,0.0
2023-03-03,14:15:00,NEWBURY,Big Jim Beam,2m4½f,4.0,13.0,17.98,0.13507770796964894,2023-03-03_14:15:00,3.0,True,13.0,0.7560102036054362,6,0.06300085030045302,,0,True,95.08930199999999,0,-95.08930199999999,9318.751595999998,10000.0,681.2484040000018,-1.0
2023-03-03,14:15:00,NEWBURY,Diamond Egg,2m4½f,3.0,15.0,24.0,0.10913984205623958,2023-03-03_14:15:00,4.0,False,15.0,0.6370976308435937,6,0.045506973631685266,,0,True,95.08930199999999,0,-95.08930199999999,9318.751595999998,10000.0,681.2484040000018,-1.0
2023-03-03,16:00:00,NEWBURY,Bothwell Bridge,3m,5.0,6.0,7.0,0.16252737116456065,2023-03-03_16:00:00,3.0,True,6.0,-0.024835773012636175,7,-0.004967154602527235,kelly_low|,0,False,0.0,0,0.0,9318.751595999998,10000.0,681.2484040000018,0.0
2023-03-03,16:00:00,NEWBURY,Hurricane Harvey,3m,3.0,7.0,8.36,0.13428999131748895,2023-03-03_16:00:00,4.0,False,7.0,-0.05997006077757738,7,-0.00999501012959623,kelly_low|,0,False,0.0,0,0.0,9318.751595999998,10000.0,681.2484040000018,0.0
2023-03-03,16:30:00,NEWBURY,Yes Indeed,2m½f,4.0,5.0,6.25,0.23415377165015003,2023-03-03_16:30:00,3.0,True,5.0,0.17076885825075017,4,0.04269221456268754,,0,True,93.18751595999998,0,-93.18751595999998,9132.376564079997,10000.0,867.6234359200025,-1.0
2023-03-03,16:30:00,NEWBURY,Stepney Causeway,2m½f,2.0,10.0,12.3,0.14441037971764725,2023-03-03_16:30:00,4.0,False,10.0,0.4441037971764725,4,0.04934486635294139,,0,True,93.18751595999998,0,-93.18751595999998,9132.376564079997,10000.0,867.6234359200025,-1.0
2023-03-03,17:05:00,NEWBURY,Passing Reflection,2m3f,4.0,4.0,3.9,0.23807912478978102,2023-03-03_17:05:00,3.0,True,4.0,-0.047683500840875914,4,-0.015894500280291973,kelly_low|,0,False,0.0,0,0.0,9041.052798439197,10000.0,958.9472015608026,0.0
2023-03-03,17:05:00,NEWBURY,Anti Bridgie,2m3f,3.0,5.5,6.31,0.21213637960452375,2023-03-03_17:05:00,4.0,False,5.5,0.16675008782488054,4,0.03705557507219567,,0,True,91.32376564079998,0,-91.32376564079998,9041.052798439197,10000.0,958.9472015608026,-1.0
2023-03-04,13:40:00,NEWBURY,Cloth Cap,3m2f,5.0,4.5,4.4,0.18049475478909618,2023-03-04_13:40:00,4.0,False,4.5,-0.18777360344906724,5,-0.053649600985447785,kelly_low|,0,False,0.0,0,0.0,9583.515966345549,10000.0,416.4840336544512,0.0
2023-03-04,13:40:00,NEWBURY,Cyclop,3m2f,1.0,7.0,8.0,0.20091815055029857,2023-03-04_13:40:00,3.0,True,7.0,0.40642705385209,5,0.06773784230868167,,0,True,90.41052798439198,1,542.4631679063518,9583.515966345549,10000.0,416.4840336544512,6.0
2023-03-04,14:45:00,NEWBURY,Gemirande,2m4f,2.0,4.0,4.5,0.19073750197714395,2023-03-04_14:45:00,3.0,True,4.0,-0.2370499920914242,7,-0.07901666403047473,kelly_low|,0,False,0.0,0,0.0,9487.680806682094,10000.0,512.319193317906,0.0
2023-03-04,14:45:00,NEWBURY,Espoir De Guye,2m4f,5.0,10.0,11.5,0.13783902270323628,2023-03-04_14:45:00,4.0,False,10.0,0.3783902270323627,7,0.04204335855915141,,0,True,95.83515966345549,0,-95.83515966345549,9487.680806682094,10000.0,512.319193317906,-1.0
2023-03-04,16:00:00,NEWBURY,Fame And Fun,2m½f,2.0,4.33,4.96,0.18382198627311733,2023-03-04_16:00:00,3.0,True,4.33,-0.204050799437402,7,-0.06127651634756817,kelly_low|,0,False,0.0,0,0.0,9487.680806682094,10000.0,512.319193317906,0.0
2023-03-04,16:00:00,NEWBURY,Dom Perry,2m½f,3.0,5.5,6.44,0.18136339844356564,2023-03-04_16:00:00,4.0,False,5.5,-0.002501308560388993,7,-0.0005558463467531095,kelly_low|,0,False,0.0,0,0.0,9487.680806682094,10000.0,512.319193317906,0.0
2023-03-04,16:35:00,NEWBURY,Flash Collonges,2m7½f,1.0,5.0,5.63,0.19785489727138064,2023-03-04_16:35:00,3.0,True,5.0,-0.010725513643096818,5,-0.0026813784107742045,kelly_low|,0,False,0.0,1,0.0,9392.803998615273,10000.0,607.1960013847274,0.0
2023-03-04,16:35:00,NEWBURY,Sam Barton,2m7½f,2.0,7.5,8.69,0.1530112878721264,2023-03-04_16:35:00,4.0,False,7.5,0.14758465904094797,5,0.022705332160145843,,0,True,94.87680806682094,0,-94.87680806682094,9392.803998615273,10000.0,607.1960013847274,-1.0
2023-03-24,16:45:00,NEWBURY,Drop Flight,2m7½f,2.0,5.5,5.9,0.18668040335928554,2023-03-24_16:45:00,3.0,True,5.5,0.02674221847607039,7,0.005942715216904531,,0,True,93.92803998615273,0,-93.92803998615273,9204.947918642967,10000.0,795.0520813570329,-1.0
2023-03-24,16:45:00,NEWBURY,From The Heart,2m7½f,4.0,11.0,13.64,0.12926741934826924,2023-03-24_16:45:00,4.0,False,11.0,0.42194161283096165,7,0.042194161283096165,,0,True,93.92803998615273,0,-93.92803998615273,9204.947918642967,10000.0,795.0520813570329,-1.0
2023-03-25,15:15:00,NEWBURY,Imperial Sun,2m½f,7.0,7.0,13.12,0.2338881670149702,2023-03-25_15:15:00,3.0,True,7.0,0.6372171691047914,7,0.10620286151746523,,0,True,97.7591809079119,0,-97.7591809079119,9107.188737735056,10000.0,892.8112622649442,-1.0
2023-03-25,15:15:00,NEWBURY,Abbeyhill,2m½f,6.0,41.0,80.0,0.017470116932697958,2023-03-25_15:15:00,4.0,False,41.0,-0.28372520575938376,7,-0.007093130143984594,kelly_low|odds_high|,0,False,0.0,0,0.0,9107.188737735056,10000.0,892.8112622649442,0.0
2023-03-25,16:25:00,NEWBURY,Moonlighter,2m½f,5.0,6.5,7.29,0.16848144370667262,2023-03-25_16:25:00,3.0,True,6.5,0.09512938409337202,7,0.017296251653340367,,0,True,91.07188737735056,0,-91.07188737735056,8925.044962980355,10000.0,1074.9550370196448,-1.0
2023-03-25,16:25:00,NEWBURY,Monsieur Lecoq,2m½f,,9.5,11.0,0.11339732831603315,2023-03-25_16:25:00,4.0,False,9.5,0.07727461900231491,7,0.009091131647331167,,0,True,91.07188737735056,0,-91.07188737735056,8925.044962980355,10000.0,1074.9550370196448,-1.0
2023-04-21,15:15:00,NEWBURY,Exoplanet,1m2f,2.0,5.5,6.0,0.23474276303050498,2023-04-21_15:15:00,3.0,True,5.5,0.29108519666777743,5,0.0646855992595061,,0,True,89.25044962980355,0,-89.25044962980355,8746.544063720748,10000.0,1253.4559362792515,-1.0
2023-04-21,15:15:00,NEWBURY,Arkendale,1m2f,5.0,13.0,15.73,0.11730218113204004,2023-04-21_15:15:00,4.0,False,13.0,0.5249283547165204,5,0.04374402955971004,,0,True,89.25044962980355,0,-89.25044962980355,8746.544063720748,10000.0,1253.4559362792515,-1.0
2023-04-21,16:55:00,NEWBURY,Gentle Light,7f,3.0,4.5,4.65,0.22656760347140215,2023-04-21_16:55:00,3.0,True,4.5,0.019554215621309656,6,0.005586918748945616,,0,True,87.4654406372075,0,-87.4654406372075,8571.613182446334,10000.0,1428.3868175536663,-1.0
2023-04-21,16:55:00,NEWBURY,Cracking Filly,7f,6.0,8.5,9.42,0.1608176649724899,2023-04-21_16:55:00,4.0,False,8.5,0.36695015226616423,6,0.048926686968821895,,0,True,87.4654406372075,0,-87.4654406372075,8571.613182446334,10000.0,1428.3868175536663,-1.0
2023-04-22,13:30:00,NEWBURY,Max Vega,1m4f,3.0,5.0,6.45,0.1984275690404119,2023-04-22_13:30:00,3.0,True,5.0,-0.007862154797940502,7,-0.0019655386994851254,kelly_low|,0,False,0.0,0,0.0,8485.89705062187,10000.0,1514.1029493781298,0.0
2023-04-22,13:30:00,NEWBURY,Lone Eagle,1m4f,5.0,8.5,8.4,0.1345886706289557,2023-04-22_13:30:00,4.0,False,8.5,0.1440037003461232,7,0.019200493379483093,,0,True,85.71613182446333,0,-85.71613182446333,8485.89705062187,10000.0,1514.1029493781298,-1.0
2023-05-20,13:50:00,NEWBURY,Aesops Fables,6f,3.0,9.0,11.0,0.1583803817923134,2023-05-20_13:50:00,3.0,True,9.0,0.42542343613082056,7,0.05317792951635257,,0,True,84.85897050621871,0,-84.85897050621871,8316.179109609433,10000.0,1683.820890390567,-1.0
2023-05-20,13:50:00,NEWBURY,Rabaah,6f,5.0,10.0,10.31,0.1512568382976061,2023-05-20_13:50:00,4.0,False,10.0,0.512568382976061,7,0.05695204255289567,,0,True,84.85897050621871,0,-84.85897050621871,8316.179109609433,10000.0,1683.820890390567,-1.0
2023-05-20,14:25:00,NEWBURY,Israr,1m4f,2.0,8.0,9.0,0.12723075400893774,2023-05-20_14:25:00,3.0,True,8.0,0.017846032071501927,7,0.002549433153071704,,0,True,83.16179109609433,0,-83.16179109609433,8149.855527417244,10000.0,1850.144472582756,-1.0
2023-05-20,14:25:00,NEWBURY,Old Harrovian,1m4f,6.0,8.0,9.67,0.12576888071177775,2023-05-20_14:25:00,4.0,False,8.0,0.006151045694221979,7,0.0008787208134602828,,0,True,83.16179109609433,0,-83.16179109609433,8149.855527417244,10000.0,1850.144472582756,-1.0
2023-06-07,15:45:00,NEWBURY,Sergeant Tibbs,6f,4.0,5.0,6.2,0.1677832161491357,2023-06-07_15:45:00,3.0,True,5.0,-0.16108391925432153,7,-0.04027097981358038,kelly_low|,0,False,0.0,0,0.0,8068.356972143071,10000.0,1931.6430278569287,0.0
2023-06-07,15:45:00,NEWBURY,Land Of Summer,6f,7.0,7.5,8.65,0.14504538921512017,2023-06-07_15:45:00,4.0,False,7.5,0.08784041911340135,7,0.013513910632830976,,0,True,81.49855527417245,0,-81.49855527417245,8068.356972143071,10000.0,1931.6430278569287,-1.0
2023-06-07,16:20:00,NEWBURY,Sayifyouwill,7f,4.0,5.0,5.8,0.1970322573551069,2023-06-07_16:20:00,3.0,True,5.0,-0.014838713224465505,7,-0.0037096783061163763,kelly_low|,0,False,0.0,0,0.0,8068.356972143071,10000.0,1931.6430278569287,0.0
2023-06-07,16:20:00,NEWBURY,Havana By The Sea,7f,5.0,5.0,5.6,0.1764618323340166,2023-06-07_16:20:00,4.0,False,5.0,-0.117690838329917,7,-0.02942270958247925,kelly_low|,0,False,0.0,0,0.0,8068.356972143071,10000.0,1931.6430278569287,0.0
2023-06-07,16:55:00,NEWBURY,A Tickatickatiming,1m4f,5.0,10.0,13.24,0.1516285294170724,2023-06-07_16:55:00,3.0,True,10.0,0.516285294170724,6,0.057365032685636,,0,True,80.68356972143071,0,-80.68356972143071,7906.98983270021,10000.0,2093.01016729979,-1.0
2023-06-07,16:55:00,NEWBURY,Mrs Twig,1m4f,3.0,15.0,16.08,0.1201947932337221,2023-06-07_16:55:00,4.0,False,15.0,0.8029218985058316,6,0.05735156417898797,,0,True,80.68356972143071,0,-80.68356972143071,7906.98983270021,10000.0,2093.01016729979,-1.0
2023-06-07,17:25:00,NEWBURY,Captain Kane,1m4f,3.0,7.0,8.4,0.16437328296056355,2023-06-07_17:25:00,3.0,True,7.0,0.1506129807239449,6,0.025102163453990817,,0,True,79.06989832700211,0,-79.06989832700211,7748.850036046206,10000.0,2251.149963953794,-1.0
2023-06-07,17:25:00,NEWBURY,Udaberri,1m4f,2.0,7.0,8.45,0.1626485010198528,2023-06-07_17:25:00,4.0,False,7.0,0.13853950713896956,6,0.02308991785649493,,0,True,79.06989832700211,0,-79.06989832700211,7748.850036046206,10000.0,2251.149963953794,-1.0
2023-06-07,17:55:00,NEWBURY,Shes Hot,1m2f,2.0,6.0,6.4,0.1732816980690649,2023-06-07_17:55:00,3.0,True,6.0,0.03969018841438943,6,0.007938037682877885,,0,True,77.48850036046206,0,-77.48850036046206,7593.873035325281,10000.0,2406.1269646747187,-1.0
2023-06-07,17:55:00,NEWBURY,Raintown,1m2f,5.0,6.5,6.6,0.160620813055801,2023-06-07_17:55:00,4.0,False,6.5,0.04403528486270647,6,0.008006415429582995,,0,True,77.48850036046206,0,-77.48850036046206,7593.873035325281,10000.0,2406.1269646747187,-1.0
2023-06-15,17:05:00,NEWBURY,Scintillante,1m4f,2.0,8.5,12.72,0.19143216852715136,2023-06-15_17:05:00,3.0,True,8.5,0.6271734324807867,5,0.08362312433077156,,0,True,75.93873035325281,0,-75.93873035325281,7441.995574618776,10000.0,2558.004425381224,-1.0
2023-06-15,17:05:00,NEWBURY,Lexington Hero,1m4f,5.0,19.0,28.96,0.10327776783796394,2023-06-15_17:05:00,4.0,False,19.0,0.9622775889213149,5,0.05345986605118416,,0,True,75.93873035325281,0,-75.93873035325281,7441.995574618776,10000.0,2558.004425381224,-1.0
2023-06-27,18:40:00,NEWBURY,Shuwari,7f,1.0,6.5,6.96,0.206120827558048,2023-06-27_18:40:00,3.0,True,6.5,0.339785379127312,5,0.06177915984132945,,0,True,74.41995574618777,1,409.3097566040327,7776.885375476621,10000.0,2223.1146245233786,5.5
2023-06-27,18:40:00,NEWBURY,Balletic,7f,4.0,9.5,11.5,0.17738715401895286,2023-06-27_18:40:00,4.0,False,9.5,0.6851779631800521,5,0.08060917213882966,,0,True,74.41995574618777,0,-74.41995574618777,7776.885375476621,10000.0,2223.1146245233786,-1.0
2023-06-27,19:15:00,NEWBURY,Greystoke,1m4f,6.0,6.0,7.2,0.13597145826491236,2023-06-27_19:15:00,4.0,False,6.0,-0.18417125041052596,7,-0.03683425008210519,kelly_low|,0,False,0.0,0,0.0,7776.885375476621,10000.0,2223.1146245233786,0.0
2023-06-27,19:15:00,NEWBURY,Obsidian Knight,1m4f,2.0,6.0,7.17,0.1533034692856465,2023-06-27_19:15:00,3.0,True,6.0,-0.08017918428612092,7,-0.016035836857224185,kelly_low|,0,False,0.0,0,0.0,7776.885375476621,10000.0,2223.1146245233786,0.0
2023-07-06,19:15:00,NEWBURY,Sassy Belle,7f,3.0,4.5,5.15,0.17230485724608774,2023-07-06_19:15:00,3.0,True,4.5,-0.2246281423926052,7,-0.06417946925503006,kelly_low|,0,False,0.0,0,0.0,7776.885375476621,10000.0,2223.1146245233786,0.0
2023-07-06,19:15:00,NEWBURY,Milteye,7f,4.0,5.0,5.62,0.168669909305256,2023-07-06_19:15:00,4.0,False,5.0,-0.15665045347372009,7,-0.03916261336843002,kelly_low|,0,False,0.0,0,0.0,7776.885375476621,10000.0,2223.1146245233786,0.0
2023-07-06,19:50:00,NEWBURY,Daahes,7f,4.0,7.5,9.69,0.13656146307679495,2023-07-06_19:50:00,3.0,True,7.5,0.024210973075962205,7,0.00372476508860957,,0,True,77.76885375476621,0,-77.76885375476621,8321.267351759985,10000.0,1678.732648240015,-1.0
2023-07-06,19:50:00,NEWBURY,Hot Chesnut,7f,1.0,9.0,9.72,0.1338157156310399,2023-07-06_19:50:00,4.0,False,9.0,0.204341440679359,7,0.025542680084919875,,0,True,77.76885375476621,1,622.1508300381297,8321.267351759985,10000.0,1678.732648240015,8.0
2023-07-06,20:25:00,NEWBURY,Graham,1m2f,2.0,4.33,4.8,0.190789961083097,2023-07-06_20:25:00,3.0,True,4.33,-0.17387946851018998,7,-0.05221605660966666,kelly_low|,0,False,0.0,0,0.0,8238.054678242384,10000.0,1761.9453217576156,0.0
2023-07-06,20:25:00,NEWBURY,Pure Gold,1m2f,4.0,7.0,7.0,0.15291971009277688,2023-07-06_20:25:00,4.0,False,7.0,0.07043797064943813,7,0.011739661774906355,,0,True,83.21267351759985,0,-83.21267351759985,8238.054678242384,10000.0,1761.9453217576156,-1.0
2023-07-13,19:50:00,NEWBURY,Fleet Admiral,1m2f,4.0,6.5,8.2,0.20230419986604403,2023-07-13_19:50:00,3.0,True,6.5,0.31497729912928607,7,0.057268599841688375,,0,True,82.38054678242385,0,-82.38054678242385,8073.293584677536,10000.0,1926.7064153224637,-1.0
2023-07-13,19:50:00,NEWBURY,Esmeray,1m2f,3.0,13.0,16.4,0.1208014831401879,2023-07-13_19:50:00,4.0,False,13.0,0.5704192808224428,7,0.047534940068536896,,0,True,82.38054678242385,0,-82.38054678242385,8073.293584677536,10000.0,1926.7064153224637,-1.0
2023-07-21,16:10:00,NEWBURY,Night Sparkle,1m5½f,1.0,5.5,6.5,0.17264224840035478,2023-07-21_16:10:00,3.0,True,5.5,-0.05046763379804875,7,-0.011215029732899721,kelly_low|,0,False,0.0,1,0.0,8073.293584677536,10000.0,1926.7064153224637,0.0
2023-07-21,16:10:00,NEWBURY,Divina Grace,1m5½f,3.0,6.5,7.1,0.15077612212798625,2023-07-21_16:10:00,4.0,False,6.5,-0.019955206168089434,7,-0.003628219303288988,kelly_low|,0,False,0.0,0,0.0,8073.293584677536,10000.0,1926.7064153224637,0.0
2023-07-22,13:50:00,NEWBURY,Oviedo,1m2f,3.0,7.0,7.8,0.1614271137603708,2023-07-22_13:50:00,3.0,True,7.0,0.12998979632259566,6,0.021664966053765944,,0,True,80.73293584677536,0,-80.73293584677536,7911.827712983985,10000.0,2088.1722870160147,-1.0
2023-07-22,13:50:00,NEWBURY,Epic Poet,1m2f,6.0,7.0,7.6,0.1536612264217645,2023-07-22_13:50:00,4.0,False,7.0,0.07562858495235147,6,0.012604764158725246,,0,True,80.73293584677536,0,-80.73293584677536,7911.827712983985,10000.0,2088.1722870160147,-1.0
2023-07-22,17:20:00,NEWBURY,Ana Gold,1m,5.0,4.5,5.21,0.19528576700890962,2023-07-22_17:20:00,3.0,True,4.5,-0.12121404845990669,6,-0.03463258527425905,kelly_low|,0,False,0.0,0,0.0,7832.709435854145,10000.0,2167.2905641458547,0.0
2023-07-22,17:20:00,NEWBURY,Maggies Way,1m,2.0,7.5,7.81,0.15518914336195655,2023-07-22_17:20:00,4.0,False,7.5,0.16391857521467412,6,0.025218242340719097,,0,True,79.11827712983985,0,-79.11827712983985,7832.709435854145,10000.0,2167.2905641458547,-1.0
2023-07-27,18:15:00,NEWBURY,At Liberty,1m2f,6.0,6.0,7.05,0.1740696552928156,2023-07-27_18:15:00,3.0,True,6.0,0.04441793175689357,6,0.008883586351378713,,0,True,78.32709435854146,0,-78.32709435854146,8341.835549184665,10000.0,1658.164450815335,-1.0
2023-07-27,18:15:00,NEWBURY,Lennys Spirit,1m2f,1.0,8.5,10.16,0.14089722772503133,2023-07-27_18:15:00,4.0,False,8.5,0.19762643566276616,6,0.026350191421702154,,0,True,78.32709435854146,1,587.453207689061,8341.835549184665,10000.0,1658.164450815335,7.5
2023-08-18,14:40:00,NEWBURY,A La Noche,1m,5.0,6.5,7.31,0.2128032722259436,2023-08-18_14:40:00,3.0,True,6.5,0.38322126946863344,6,0.06967659444884244,,0,True,83.41835549184665,0,-83.41835549184665,8174.9988382009715,10000.0,1825.0011617990285,-1.0
2023-08-18,14:40:00,NEWBURY,Alentejo,1m,6.0,13.0,15.5,0.1325554892898162,2023-08-18_14:40:00,4.0,False,13.0,0.7232213607676106,6,0.060268446730634216,,0,True,83.41835549184665,0,-83.41835549184665,8174.9988382009715,10000.0,1825.0011617990285,-1.0
2023-08-18,15:15:00,NEWBURY,Commander Crouch,6f,3.0,6.0,7.0,0.18559351306099697,2023-08-18_15:15:00,4.0,False,6.0,0.11356107836598173,5,0.022712215673196347,,0,True,81.74998838200972,0,-81.74998838200972,8011.498861436952,10000.0,1988.5011385630478,-1.0
2023-08-18,15:15:00,NEWBURY,Moes Legacy,6f,4.0,7.0,8.6,0.19756377215966112,2023-08-18_15:15:00,3.0,True,7.0,0.3829464051176278,5,0.06382440085293796,,0,True,81.74998838200972,0,-81.74998838200972,8011.498861436952,10000.0,1988.5011385630478,-1.0
2023-08-18,16:55:00,NEWBURY,Mrembo,1m2f,6.0,6.5,6.46,0.15087144831370478,2023-08-18_16:55:00,3.0,True,6.5,-0.01933558596091889,7,-0.003515561083803434,kelly_low|,0,False,0.0,0,0.0,7931.383872822583,10000.0,2068.616127177417,0.0
2023-08-18,16:55:00,NEWBURY,Meleri,1m2f,2.0,7.0,8.02,0.1507079142223939,2023-08-18_16:55:00,4.0,False,7.0,0.05495539955675732,7,0.009159233259459554,,0,True,80.11498861436952,0,-80.11498861436952,7931.383872822583,10000.0,2068.616127177417,-1.0
2023-08-19,13:50:00,NEWBURY,Kemari,1m5½f,5.0,8.0,8.88,0.16309087571953845,2023-08-19_13:50:00,3.0,True,8.0,0.3047270057563076,7,0.04353242939375823,,0,True,79.31383872822583,0,-79.31383872822583,7772.756195366132,10000.0,2227.2438046338684,-1.0
2023-08-19,13:50:00,NEWBURY,Jack Darcy,1m5½f,6.0,10.0,13.0,0.13783342897906584,2023-08-19_13:50:00,4.0,False,10.0,0.3783342897906584,7,0.04203714331007316,,0,True,79.31383872822583,0,-79.31383872822583,7772.756195366132,10000.0,2227.2438046338684,-1.0
2023-09-22,14:25:00,NEWBURY,Machiavellian Lady,7f,3.0,6.5,6.66,0.20990307254011045,2023-09-22_14:25:00,3.0,True,6.5,0.3643699715107179,5,0.06624908572922145,,0,True,77.72756195366132,0,-77.72756195366132,7617.301071458809,10000.0,2382.698928541191,-1.0
2023-09-22,14:25:00,NEWBURY,Lokana,7f,5.0,8.0,9.79,0.19087433914564103,2023-09-22_14:25:00,4.0,False,8.0,0.5269947131651281,5,0.07528495902358974,,0,True,77.72756195366132,0,-77.72756195366132,7617.301071458809,10000.0,2382.698928541191,-1.0
2023-09-22,15:00:00,NEWBURY,Ebts Guard,7f,2.0,4.2,4.48,0.19449017146523906,2023-09-22_15:00:00,3.0,True,4.2,-0.18314127984599593,5,-0.05723164995187373,kelly_low|,0,False,0.0,0,0.0,7617.301071458809,10000.0,2382.698928541191,0.0
2023-09-22,15:00:00,NEWBURY,Commander Crouch,7f,4.0,5.5,6.22,0.17984493075308572,2023-09-22_15:00:00,4.0,False,5.5,-0.01085288085802849,5,-0.002411751301784109,kelly_low|,0,False,0.0,0,0.0,7617.301071458809,10000.0,2382.698928541191,0.0
2023-09-22,15:35:00,NEWBURY,Blue Lemons,1m,3.0,4.33,4.54,0.18180753781754952,2023-09-22_15:35:00,3.0,True,4.33,-0.21277336125001056,6,-0.06389590427928245,kelly_low|,0,False,0.0,0,0.0,7541.128060744221,10000.0,2458.8719392557787,0.0
2023-09-22,15:35:00,NEWBURY,Royal Supremacy,1m,4.0,6.0,7.23,0.1813514905575126,2023-09-22_15:35:00,4.0,False,6.0,0.08810894334507569,6,0.017621788669015138,,0,True,76.17301071458809,0,-76.17301071458809,7541.128060744221,10000.0,2458.8719392557787,-1.0
2023-09-22,16:10:00,NEWBURY,Biggles,7f,5.0,5.0,5.65,0.21631272231873463,2023-09-22_16:10:00,3.0,True,5.0,0.0815636115936732,7,0.0203909028984183,,0,True,75.41128060744221,0,-75.41128060744221,8370.652147426086,10000.0,1629.3478525739138,-1.0
2023-09-22,16:10:00,NEWBURY,Popmaster,7f,1.0,13.0,18.65,0.08080176179489656,2023-09-22_16:10:00,4.0,False,13.0,0.0504229033336554,7,0.00420190861113795,,0,True,75.41128060744221,1,904.9353672893064,8370.652147426086,10000.0,1629.3478525739138,12.0
2023-09-22,17:20:00,NEWBURY,Concorde,1m2f,1.0,4.0,5.39,0.191932592854375,2023-09-22_17:20:00,3.0,True,4.0,-0.2322696285825,7,-0.0774232095275,kelly_low|,0,False,0.0,1,0.0,8370.652147426086,10000.0,1629.3478525739138,0.0
2023-09-22,17:20:00,NEWBURY,Entrancement,1m2f,2.0,5.0,5.49,0.18372867435206697,2023-09-22_17:20:00,4.0,False,5.0,-0.08135662823966516,7,-0.02033915705991629,kelly_low|,0,False,0.0,0,0.0,8370.652147426086,10000.0,1629.3478525739138,0.0
2023-09-23,13:30:00,NEWBURY,Sense Of Duty,5f,3.0,3.75,4.39,0.20973464899976293,2023-09-23_13:30:00,3.0,True,3.75,-0.213495066250889,5,-0.07763456954577781,kelly_low|,0,False,0.0,0,0.0,8286.945625951825,10000.0,1713.0543740481753,0.0
2023-09-23,13:30:00,NEWBURY,Designer,5f,4.0,5.0,5.56,0.2079887380902386,2023-09-23_13:30:00,4.0,False,5.0,0.03994369045119295,5,0.009985922612798237,,0,True,83.70652147426087,0,-83.70652147426087,8286.945625951825,10000.0,1713.0543740481753,-1.0
2023-09-23,14:05:00,NEWBURY,Salt Bay,1m5½f,2.0,5.5,6.13,0.1580491804635056,2023-09-23_14:05:00,3.0,True,5.5,-0.1307295074507192,7,-0.029051001655715378,kelly_low|,0,False,0.0,0,0.0,8286.945625951825,10000.0,1713.0543740481753,0.0
2023-09-23,14:05:00,NEWBURY,Oneforthegutter,1m5½f,6.0,6.5,7.78,0.13929182296863246,2023-09-23_14:05:00,4.0,False,6.5,-0.09460315070388903,7,-0.01720057285525255,kelly_low|,0,False,0.0,0,0.0,8286.945625951825,10000.0,1713.0543740481753,0.0
2023-09-23,15:15:00,NEWBURY,Haatem,6f,5.0,6.0,6.2,0.17011872185553123,2023-09-23_15:15:00,3.0,True,6.0,0.02071233113318738,6,0.004142466226637475,,0,True,82.86945625951824,0,-82.86945625951824,8121.206713432788,10000.0,1878.793286567212,-1.0
2023-09-23,15:15:00,NEWBURY,Seven Questions,6f,3.0,8.0,8.6,0.14085867491911483,2023-09-23_15:15:00,4.0,False,8.0,0.12686939935291863,6,0.018124199907559806,,0,True,82.86945625951824,0,-82.86945625951824,8121.206713432788,10000.0,1878.793286567212,-1.0
2023-09-23,15:50:00,NEWBURY,New Chelsea,7f,2.0,5.0,6.31,0.17836651548028087,2023-09-23_15:50:00,3.0,True,5.0,-0.10816742259859558,7,-0.027041855649648894,kelly_low|,0,False,0.0,0,0.0,8608.479116238756,10000.0,1391.5208837612445,0.0
2023-09-23,15:50:00,NEWBURY,Feigning Madness,7f,1.0,7.0,8.8,0.16487773739407807,2023-09-23_15:50:00,4.0,False,7.0,0.1541441617585465,7,0.025690693626424416,,0,True,81.21206713432788,1,487.2724028059673,8608.479116238756,10000.0,1391.5208837612445,6.0
2023-09-23,17:00:00,NEWBURY,Welleef,1m,5.0,5.0,5.5,0.17364138775218663,2023-09-23_17:00:00,3.0,True,5.0,-0.13179306123906687,7,-0.03294826530976672,kelly_low|,0,False,0.0,0,0.0,8608.479116238756,10000.0,1391.5208837612445,0.0
2023-09-23,17:00:00,NEWBURY,City Of York,1m,1.0,6.0,6.24,0.15211813673180496,2023-09-23_17:00:00,4.0,False,6.0,-0.08729117960917021,7,-0.017458235921834042,kelly_low|,0,False,0.0,1,0.0,8608.479116238756,10000.0,1391.5208837612445,0.0
2023-12-01,12:40:00,NEWBURY,Lallygag,2m½f,6.0,5.5,6.11,0.19274535038872465,2023-12-01_12:40:00,3.0,True,5.5,0.06009942713798555,6,0.013355428252885678,,0,True,86.08479116238756,0,-86.08479116238756,8436.30953391398,10000.0,1563.69046608602,-1.0
2023-12-01,12:40:00,NEWBURY,Russian Ruler,2m½f,4.0,5.5,6.4,0.18416192717541768,2023-12-01_12:40:00,4.0,False,5.5,0.012890599464797314,6,0.0028645776588438476,,0,True,86.08479116238756,0,-86.08479116238756,8436.30953391398,10000.0,1563.69046608602,-1.0
2023-12-01,13:50:00,NEWBURY,Nickle Back,2m4f,2.0,4.33,4.58,0.1649569815821739,2023-12-01_13:50:00,3.0,True,4.33,-0.2857362697491871,6,-0.0858066876123685,kelly_low|,0,False,0.0,0,0.0,8351.94643857484,10000.0,1648.0535614251603,0.0
2023-12-01,13:50:00,NEWBURY,Tightenourbelts,2m4f,3.0,7.5,9.07,0.13946666218067877,2023-12-01_13:50:00,4.0,False,7.5,0.04599996635509085,6,0.007076917900783208,,0,True,84.3630953391398,0,-84.3630953391398,8351.94643857484,10000.0,1648.0535614251603,-1.0
2023-12-01,14:25:00,NEWBURY,Iron Bridge,2m4f,,6.5,6.57,0.1770118404834149,2023-12-01_14:25:00,3.0,True,6.5,0.15057696314219682,7,0.027377629662217604,,0,True,83.51946438574839,0,-83.51946438574839,8184.907509803343,10000.0,1815.0924901966573,-1.0
2023-12-01,14:25:00,NEWBURY,Karl Philippe,2m4f,3.0,10.0,10.23,0.16729461254663286,2023-12-01_14:25:00,4.0,False,10.0,0.6729461254663285,7,0.07477179171848095,,0,True,83.51946438574839,0,-83.51946438574839,8184.907509803343,10000.0,1815.0924901966573,-1.0
2023-12-01,15:00:00,NEWBURY,Hugos New Horse,3m,,12.0,13.77,0.11540107057206477,2023-12-01_15:00:00,4.0,False,12.0,0.3848128468647771,6,0.0349829860786161,,0,True,81.84907509803342,0,-81.84907509803342,8103.058434705309,10000.0,1896.941565294691,-1.0
2023-12-01,15:00:00,NEWBURY,Flight Deck,3m,3.0,21.0,22.94,0.11842275479682185,2023-12-01_15:00:00,3.0,True,21.0,1.4868778507332587,6,0.07434389253666293,odds_high|,0,False,0.0,0,0.0,8103.058434705309,10000.0,1896.941565294691,0.0
2023-12-02,11:55:00,NEWBURY,Isabella Bee,2m½f,6.0,5.5,7.4,0.21923935869898778,2023-12-02_11:55:00,3.0,True,5.5,0.20581647284443283,6,0.04573699396542952,,0,True,81.0305843470531,0,-81.0305843470531,7940.997266011203,10000.0,2059.0027339887974,-1.0
2023-12-02,11:55:00,NEWBURY,Belle Of Annandale,2m½f,4.0,9.5,12.28,0.13482599934840148,2023-12-02_11:55:00,4.0,False,9.5,0.28084699380981404,6,0.03304082280115459,,0,True,81.0305843470531,0,-81.0305843470531,7940.997266011203,10000.0,2059.0027339887974,-1.0
2023-12-02,15:25:00,NEWBURY,Elixir De Nutz,2m½f,1.0,5.5,6.46,0.18153407145685124,2023-12-02_15:25:00,3.0,True,5.5,-0.001562606987318249,6,-0.00034724599718183313,kelly_low|,0,False,0.0,1,0.0,7861.587293351091,10000.0,2138.412706648909,0.0
2023-12-02,15:25:00,NEWBURY,Bollingerandkrug,2m½f,5.0,8.0,13.13,0.13407179233658256,2023-12-02_15:25:00,4.0,False,8.0,0.0725743386926605,6,0.010367762670380072,,0,True,79.40997266011203,0,-79.40997266011203,7861.587293351091,10000.0,2138.412706648909,-1.0
2023-12-20,12:15:00,NEWBURY,Royal Deeside,2m½f,2.0,5.0,5.42,0.251853078879271,2023-12-20_12:15:00,3.0,True,5.0,0.259265394396355,6,0.06481634859908875,,0,True,78.61587293351091,0,-78.61587293351091,7782.97142041758,10000.0,2217.02857958242,-1.0
2023-12-20,12:15:00,NEWBURY,Gusty,2m½f,,34.0,48.62,0.02748554393027385,2023-12-20_12:15:00,4.0,False,34.0,-0.06549150637068923,6,-0.001984591102142098,kelly_low|odds_high|,0,False,0.0,0,0.0,7782.97142041758,10000.0,2217.02857958242,0.0
2023-12-20,13:25:00,NEWBURY,Amrons Sage,2m7½f,5.0,4.5,5.2,0.25129013837871345,2023-12-20_13:25:00,3.0,True,4.5,0.13080562270421048,5,0.03737303505834585,,0,True,77.8297142041758,0,-77.8297142041758,7627.311992009229,10000.0,2372.6880079907714,-1.0
2023-12-20,13:25:00,NEWBURY,Pulling Stumps,2m7½f,2.0,11.0,14.1,0.12349872948569277,2023-12-20_13:25:00,4.0,False,11.0,0.35848602434262034,5,0.035848602434262036,,0,True,77.8297142041758,0,-77.8297142041758,7627.311992009229,10000.0,2372.6880079907714,-1.0
2023-12-20,14:00:00,NEWBURY,Pink Legend,2m7½f,1.0,5.0,6.2,0.2072214291774715,2023-12-20_14:00:00,3.0,True,5.0,0.03610714588735742,5,0.009026786471839354,,0,True,76.27311992009228,1,305.09247968036914,7932.404471689598,10000.0,2067.595528310402,4.0
2023-12-20,14:00:00,NEWBURY,Lilith,2m7½f,4.0,26.0,42.81,0.04137870113019501,2023-12-20_14:00:00,4.0,False,26.0,0.07584622938507024,5,0.00303384917540281,odds_high|,0,False,0.0,0,0.0,7932.404471689598,10000.0,2067.595528310402,0.0
2023-12-30,12:40:00,NEWBURY,Paradias,2m½f,3.0,8.5,11.92,0.18972619508461508,2023-12-30_12:40:00,3.0,True,8.5,0.6126726582192282,5,0.08168968776256376,,0,True,79.32404471689598,0,-79.32404471689598,7773.756382255806,10000.0,2226.243617744194,-1.0
2023-12-30,12:40:00,NEWBURY,Officer Of State,2m½f,5.0,10.0,11.5,0.15732751855867388,2023-12-30_12:40:00,4.0,False,10.0,0.5732751855867387,5,0.06369724284297097,,0,True,79.32404471689598,0,-79.32404471689598,7773.756382255806,10000.0,2226.243617744194,-1.0
2023-12-30,13:15:00,NEWBURY,The Russian Doyen,2m½f,4.0,4.5,5.6,0.20281764421301496,2023-12-30_13:15:00,3.0,True,4.5,-0.08732060104143269,5,-0.024948743154695054,kelly_low|,0,False,0.0,0,0.0,7696.018818433247,10000.0,2303.9811815667526,0.0
2023-12-30,13:15:00,NEWBURY,Guy,2m½f,3.0,7.5,7.93,0.16492031350567368,2023-12-30_13:15:00,4.0,False,7.5,0.23690235129255266,5,0.03644651558346964,,0,True,77.73756382255806,0,-77.73756382255806,7696.018818433247,10000.0,2303.9811815667526,-1.0
2023-12-30,13:50:00,NEWBURY,Irish Hill,2m4½f,2.0,4.33,4.53,0.19707291087092316,2023-12-30_13:50:00,3.0,True,4.33,-0.1466742959289027,6,-0.04404633511378459,kelly_low|,0,False,0.0,0,0.0,7619.058630248915,10000.0,2380.9413697510854,0.0
2023-12-30,13:50:00,NEWBURY,Steal A March,2m4½f,5.0,6.5,7.74,0.17753435161728115,2023-12-30_13:50:00,4.0,False,6.5,0.15397328551232747,6,0.027995142820423178,,0,True,76.96018818433248,0,-76.96018818433248,7619.058630248915,10000.0,2380.9413697510854,-1.0
2023-12-30,15:35:00,NEWBURY,Ballycamus,2m6½f,4.0,5.0,5.5,0.18228786018076304,2023-12-30_15:35:00,3.0,True,5.0,-0.0885606990961848,7,-0.0221401747740462,kelly_low|,0,False,0.0,0,0.0,7542.868043946425,10000.0,2457.131956053575,0.0
2023-12-30,15:35:00,NEWBURY,Golden Son,2m6½f,,8.5,10.89,0.1299816485829664,2023-12-30_15:35:00,4.0,False,8.5,0.1048440129552144,7,0.013979201727361919,,0,True,76.19058630248915,0,-76.19058630248915,7542.868043946425,10000.0,2457.131956053575,-1.0
2024-01-23,15:45:00,NEWBURY,Id Like To Know,2m½f,2.0,4.5,5.4,0.19547851899267082,2024-01-23_15:45:00,3.0,True,4.5,-0.12034666453298126,6,-0.034384761295137505,kelly_low|,0,False,0.0,0,0.0,7467.439363506961,10000.0,2532.560636493039,0.0
2024-01-23,15:45:00,NEWBURY,Give Me A Moment,2m½f,4.0,13.0,12.47,0.10347526931011779,2024-01-23_15:45:00,4.0,False,13.0,0.34517850103153114,6,0.028764875085960928,,0,True,75.42868043946426,0,-75.42868043946426,7467.439363506961,10000.0,2532.560636493039,-1.0
2024-02-10,14:05:00,NEWBURY,Sam Brown,2m7½f,4.0,6.5,7.38,0.19703930708914993,2024-02-10_14:05:00,3.0,True,6.5,0.2807554960794746,5,0.05104645383263174,,0,True,74.6743936350696,0,-74.6743936350696,7392.7649698718915,10000.0,2607.2350301281085,-1.0
2024-02-10,14:05:00,NEWBURY,Hitman,2m7½f,2.0,10.0,12.0,0.0995418381188133,2024-02-10_14:05:00,4.0,False,10.0,-0.0045816188118669166,5,-0.0005090687568741018,kelly_low|,0,False,0.0,0,0.0,7392.7649698718915,10000.0,2607.2350301281085,0.0
2024-02-10,14:40:00,NEWBURY,Amarillo Sky,2m½f,,4.5,4.73,0.22473251299957603,2024-02-10_14:40:00,3.0,True,4.5,0.011296308498092156,4,0.003227516713740616,,0,True,73.92764969871892,0,-73.92764969871892,7244.909670474453,10000.0,2755.0903295255466,-1.0
2024-02-10,14:40:00,NEWBURY,Funambule Sivola,2m½f,2.0,9.0,10.21,0.11465915365914367,2024-02-10_14:40:00,4.0,False,9.0,0.03193238293229306,4,0.003991547866536632,,0,True,73.92764969871892,0,-73.92764969871892,7244.909670474453,10000.0,2755.0903295255466,-1.0
2024-02-10,15:50:00,NEWBURY,Makinyourmindup,2m7½f,1.0,4.5,4.81,0.2041990321670253,2024-02-10_15:50:00,3.0,True,4.5,-0.0811043552483861,5,-0.023172672928110316,kelly_low|,0,False,0.0,1,0.0,7172.460573769709,10000.0,2827.5394262302907,0.0
2024-02-10,15:50:00,NEWBURY,Mister Coffey,2m7½f,3.0,7.0,7.69,0.19071274770146662,2024-02-10_15:50:00,4.0,False,7.0,0.33498923391026636,5,0.05583153898504439,,0,True,72.44909670474453,0,-72.44909670474453,7172.460573769709,10000.0,2827.5394262302907,-1.0
2024-03-01,14:25:00,NEWBURY,Ithacas Arrow,2m½f,1.0,4.5,5.15,0.24823985211546695,2024-03-01_14:25:00,3.0,True,4.5,0.11707933451960129,5,0.0334512384341718,,0,True,71.72460573769709,1,251.03612008193983,7423.496693851649,10000.0,2576.503306148351,3.5
2024-03-01,14:25:00,NEWBURY,Glorious LIon,2m½f,3.0,21.0,30.0,0.07910755541693544,2024-03-01_14:25:00,4.0,False,21.0,0.6612586637556442,5,0.03306293318778221,odds_high|,0,False,0.0,0,0.0,7423.496693851649,10000.0,2576.503306148351,0.0
2024-03-01,15:00:00,NEWBURY,Ioupy Collonges,2m4f,3.0,5.0,5.77,0.2245089374582964,2024-03-01_15:00:00,3.0,True,5.0,0.12254468729148194,4,0.030636171822870484,,0,True,74.2349669385165,0,-74.2349669385165,7349.261726913132,10000.0,2650.7382730868676,-1.0
2024-03-01,15:00:00,NEWBURY,Ballycamus,2m4f,2.0,5.0,5.6,0.19871478760254202,2024-03-01_15:00:00,4.0,False,5.0,-0.006426061987289899,4,-0.0016065154968224749,kelly_low|,0,False,0.0,0,0.0,7349.261726913132,10000.0,2650.7382730868676,0.0
2024-03-01,15:35:00,NEWBURY,Amarillobymorning,2m4½f,3.0,10.0,13.32,0.15036897741453187,2024-03-01_15:35:00,3.0,True,10.0,0.5036897741453186,5,0.055965530460590954,,0,True,73.49261726913133,0,-73.49261726913133,7275.769109644001,10000.0,2724.230890355999,-1.0
2024-03-01,15:35:00,NEWBURY,Just Chasing May,2m4½f,4.0,34.0,77.98,0.02381433987821974,2024-03-01_15:35:00,4.0,False,34.0,-0.19031244414052872,5,-0.005767043761834204,kelly_low|odds_high|,0,False,0.0,0,0.0,7275.769109644001,10000.0,2724.230890355999,0.0
2024-03-01,16:10:00,NEWBURY,Kansas City Star,2m½f,5.0,5.5,6.06,0.21815026182449668,2024-03-01_16:10:00,3.0,True,5.5,0.1998264400347317,5,0.04440587556327372,,0,True,72.75769109644001,0,-72.75769109644001,7130.253727451121,10000.0,2869.7462725488786,-1.0
2024-03-01,16:10:00,NEWBURY,Real Stone,2m½f,2.0,9.0,10.5,0.18416790310772507,2024-03-01_16:10:00,4.0,False,9.0,0.6575111279695256,5,0.0821888909961907,,0,True,72.75769109644001,0,-72.75769109644001,7130.253727451121,10000.0,2869.7462725488786,-1.0
2024-03-01,16:45:00,NEWBURY,High Game Royal,3m,3.0,5.0,6.2,0.1671606840781487,2024-03-01_16:45:00,3.0,True,5.0,-0.16419657960925638,7,-0.041049144902314094,kelly_low|,0,False,0.0,0,0.0,7130.253727451121,10000.0,2869.7462725488786,0.0
2024-03-01,16:45:00,NEWBURY,Hermino AA,3m,4.0,6.0,7.57,0.15189579040969892,2024-03-01_16:45:00,4.0,False,6.0,-0.0886252575418065,7,-0.0177250515083613,kelly_low|,0,False,0.0,0,0.0,7130.253727451121,10000.0,2869.7462725488786,0.0
2024-03-02,13:20:00,NEWBURY,Commodore,3m2f,,7.0,7.92,0.1390469114256064,2024-03-02_13:20:00,4.0,False,7.0,-0.026671620020755182,7,-0.004445270003459197,kelly_low|,0,False,0.0,0,0.0,7058.95119017661,10000.0,2941.04880982339,0.0
2024-03-02,13:20:00,NEWBURY,Omar Maretti,3m2f,3.0,7.5,8.8,0.16957818904917607,2024-03-02_13:20:00,3.0,True,7.5,0.2718364178688206,7,0.041820987364433945,,0,True,71.30253727451121,0,-71.30253727451121,7058.95119017661,10000.0,2941.04880982339,-1.0
2024-03-02,15:00:00,NEWBURY,Punctuation,2m½f,5.0,6.0,8.31,0.19120919733746533,2024-03-02_15:00:00,3.0,True,6.0,0.14725518402479199,6,0.0294510368049584,,0,True,70.5895119017661,0,-70.5895119017661,6917.772166373078,10000.0,3082.227833626922,-1.0
2024-03-02,15:00:00,NEWBURY,Shared,2m½f,3.0,9.0,11.91,0.12661478088403177,2024-03-02_15:00:00,4.0,False,9.0,0.13953302795628597,6,0.017441628494535746,,0,True,70.5895119017661,0,-70.5895119017661,6917.772166373078,10000.0,3082.227833626922,-1.0
2024-03-02,15:32:00,NEWBURY,Knowwhentoholdem,2m4½f,1.0,5.0,5.46,0.18843595531165772,2024-03-02_15:32:00,3.0,True,5.0,-0.05782022344171145,6,-0.014455055860427862,kelly_low|,0,False,0.0,1,0.0,6848.594444709347,10000.0,3151.405555290653,0.0
2024-03-02,15:32:00,NEWBURY,Current Mood,2m4½f,4.0,6.5,7.19,0.15754142758248088,2024-03-02_15:32:00,4.0,False,6.5,0.024019279286125794,6,0.004367141688386508,,0,True,69.17772166373078,0,-69.17772166373078,6848.594444709347,10000.0,3151.405555290653,-1.0
2024-03-02,16:05:00,NEWBURY,Charles Ritz,2m7½f,3.0,5.0,4.8,0.23650765067594018,2024-03-02_16:05:00,3.0,True,5.0,0.18253825337970087,4,0.045634563344925216,,0,True,68.48594444709347,0,-68.48594444709347,6711.62255581516,10000.0,3288.37744418484,-1.0
2024-03-02,16:05:00,NEWBURY,Heaven Smart,2m7½f,,5.5,7.47,0.21135898107212098,2024-03-02_16:05:00,4.0,False,5.5,0.16247439589666546,4,0.0361054213103701,,0,True,68.48594444709347,0,-68.48594444709347,6711.62255581516,10000.0,3288.37744418484,-1.0
2024-03-22,14:00:00,NEWBURY,Secret Investor,2m7½f,1.0,4.0,4.3,0.21454933989095132,2024-03-22_14:00:00,3.0,True,4.0,-0.14180264043619473,6,-0.04726754681206491,kelly_low|,0,False,0.0,1,0.0,6644.506330257009,10000.0,3355.493669742991,0.0
2024-03-22,14:00:00,NEWBURY,Kayf Hernando,2m7½f,4.0,13.0,17.36,0.10102818520287758,2024-03-22_14:00:00,4.0,False,13.0,0.31336640763740853,6,0.026113867303117377,,0,True,67.1162255581516,0,-67.1162255581516,6644.506330257009,10000.0,3355.493669742991,-1.0
2024-03-22,14:30:00,NEWBURY,Are U Wise To That,2m7½f,4.0,6.0,7.26,0.14803029775332782,2024-03-22_14:30:00,3.0,True,6.0,-0.11181821348003296,7,-0.022363642696006592,kelly_low|,0,False,0.0,0,0.0,6578.061266954439,10000.0,3421.938733045561,0.0
2024-03-22,14:30:00,NEWBURY,Deeper Blue,2m7½f,2.0,10.0,11.15,0.13006185695882047,2024-03-22_14:30:00,4.0,False,10.0,0.30061856958820476,7,0.033402063287578304,,0,True,66.44506330257009,0,-66.44506330257009,6578.061266954439,10000.0,3421.938733045561,-1.0
2024-03-23,14:40:00,NEWBURY,Solo,2m4f,6.0,7.0,6.95,0.15280433518792394,2024-03-23_14:40:00,3.0,True,7.0,0.0696303463154676,6,0.011605057719244602,,0,True,65.7806126695444,0,-65.7806126695444,6446.50004161535,10000.0,3553.49995838465,-1.0
2024-03-23,14:40:00,NEWBURY,Sir Psycho,2m4f,2.0,9.0,10.64,0.1476634766234117,2024-03-23_14:40:00,4.0,False,9.0,0.3289712896107053,6,0.041121411201338165,,0,True,65.7806126695444,0,-65.7806126695444,6446.50004161535,10000.0,3553.49995838465,-1.0
2024-03-23,16:25:00,NEWBURY,Rath Gaul Hill,2m½f,1.0,4.33,4.61,0.19083056004147766,2024-03-23_16:25:00,3.0,True,4.33,-0.17370367502040163,7,-0.05216326577189238,kelly_low|,0,False,0.0,1,0.0,6382.035041199197,10000.0,3617.9649588008033,0.0
2024-03-23,16:25:00,NEWBURY,Game On For Glory,2m½f,3.0,7.0,8.54,0.15041850855837888,2024-03-23_16:25:00,4.0,False,7.0,0.05292955990865211,7,0.008821593318108686,,0,True,64.4650004161535,0,-64.4650004161535,6382.035041199197,10000.0,3617.9649588008033,-1.0
2024-03-23,17:00:00,NEWBURY,First Lord De Cuet,2m7½f,3.0,5.5,5.82,0.154222028763961,2024-03-23_17:00:00,3.0,True,5.5,-0.15177884179821455,7,-0.03372863151071434,kelly_low|,0,False,0.0,0,0.0,6764.9571436711485,10000.0,3235.0428563288515,0.0
2024-03-23,17:00:00,NEWBURY,Fidux,2m7½f,1.0,7.0,8.11,0.14786912258829832,2024-03-23_17:00:00,4.0,False,7.0,0.03508385811808823,7,0.0058473096863480385,,0,True,63.82035041199197,1,382.9221024719518,6764.9571436711485,10000.0,3235.0428563288515,6.0
2024-04-20,14:05:00,NEWBURY,Folgaria,7f,1.0,6.0,6.8,0.1718778139477185,2024-04-20_14:05:00,3.0,True,6.0,0.03126688368631103,6,0.006253376737262206,,0,True,67.64957143671148,1,338.2478571835574,7103.205000854706,10000.0,2896.7949991452942,5.0
2024-04-20,14:05:00,NEWBURY,Star Music,7f,6.0,6.0,6.84,0.15900109568499446,2024-04-20_14:05:00,4.0,False,6.0,-0.0459934258900333,6,-0.00919868517800666,kelly_low|,0,False,0.0,0,0.0,7103.205000854706,10000.0,2896.7949991452942,0.0
2024-05-18,17:15:00,NEWBURY,Diamond Rain,1m2f,1.0,4.0,3.98,0.2153581917798808,2024-05-18_17:15:00,3.0,True,4.0,-0.1385672328804768,5,-0.04618907762682559,kelly_low|,0,False,0.0,1,0.0,7103.205000854706,10000.0,2896.7949991452942,0.0
2024-05-18,17:15:00,NEWBURY,Siyola,1m2f,3.0,4.0,4.35,0.2016295769222276,2024-05-18_17:15:00,4.0,False,4.0,-0.19348169231108958,5,-0.06449389743702987,kelly_low|,0,False,0.0,0,0.0,7103.205000854706,10000.0,2896.7949991452942,0.0
2024-06-25,17:30:00,NEWBURY,We Sea You,7f,3.0,6.0,6.94,0.239449145426537,2024-06-25_17:30:00,3.0,True,6.0,0.4366948725592221,6,0.08733897451184443,,0,True,71.03205000854706,0,-71.03205000854706,7032.1729508461585,10000.0,2967.8270491538415,-1.0
2024-06-25,17:30:00,NEWBURY,Aphrodites Rock,7f,4.0,34.0,53.36,0.043199517005886374,2024-06-25_17:30:00,4.0,False,34.0,0.4687835782001367,6,0.01420556297576172,odds_high|,0,False,0.0,0,0.0,7032.1729508461585,10000.0,2967.8270491538415,0.0
2024-06-25,18:05:00,NEWBURY,Marhaba Million,1m4f,6.0,7.5,8.53,0.15084474094862435,2024-06-25_18:05:00,4.0,False,7.5,0.1313355571146826,6,0.020205470325335782,,0,True,70.32172950846159,0,-70.32172950846159,6891.529491829236,10000.0,3108.4705081707643,-1.0
2024-06-25,18:05:00,NEWBURY,Graham,1m4f,2.0,7.5,9.0,0.1590559581115468,2024-06-25_18:05:00,3.0,True,7.5,0.19291968583660102,6,0.02967995166716939,,0,True,70.32172950846159,0,-70.32172950846159,6891.529491829236,10000.0,3108.4705081707643,-1.0
2024-07-04,19:55:00,NEWBURY,Red Maids,7f,2.0,5.5,6.11,0.16620835397919306,2024-07-04_19:55:00,3.0,True,5.5,-0.08585405311443817,7,-0.019078678469875147,kelly_low|,0,False,0.0,0,0.0,6891.529491829236,10000.0,3108.4705081707643,0.0
2024-07-04,19:55:00,NEWBURY,Woodstock,7f,1.0,5.5,6.19,0.15764754190354266,2024-07-04_19:55:00,4.0,False,5.5,-0.1329385195305154,7,-0.02954189322900342,kelly_low|,0,False,0.0,1,0.0,6891.529491829236,10000.0,3108.4705081707643,0.0
2024-07-19,17:20:00,NEWBURY,Lieber Power,1m4f,2.0,6.0,7.58,0.15710691956629377,2024-07-19_17:20:00,3.0,True,6.0,-0.057358482602237415,7,-0.011471696520447484,kelly_low|,0,False,0.0,0,0.0,6822.614196910943,10000.0,3177.385803089057,0.0
2024-07-19,17:20:00,NEWBURY,Open Secret,1m4f,7.0,8.5,11.0,0.13358490153181626,2024-07-19_17:20:00,4.0,False,8.5,0.13547166302043823,7,0.018062888402725095,,0,True,68.91529491829236,0,-68.91529491829236,6822.614196910943,10000.0,3177.385803089057,-1.0
2024-07-20,13:50:00,NEWBURY,Sons And Lovers,1m2f,3.0,7.5,7.72,0.18578298673391147,2024-07-20_13:50:00,3.0,True,7.5,0.3933724005043361,5,0.060518830846820935,,0,True,68.22614196910943,0,-68.22614196910943,6686.161912972724,10000.0,3313.838087027276,-1.0
2024-07-20,13:50:00,NEWBURY,Savvy Victory,1m2f,5.0,7.5,8.46,0.1767719650578771,2024-07-20_13:50:00,4.0,False,7.5,0.3257897379340783,5,0.050121498143704354,,0,True,68.22614196910943,0,-68.22614196910943,6686.161912972724,10000.0,3313.838087027276,-1.0
2024-07-20,17:20:00,NEWBURY,Circe,1m,1.0,6.5,7.86,0.14734587702414392,2024-07-20_17:20:00,3.0,True,6.5,-0.042251799343064556,7,-0.007682145335102647,kelly_low|,0,False,0.0,1,0.0,6619.300293842997,10000.0,3380.6997061570028,0.0
2024-07-20,17:20:00,NEWBURY,Zouky,1m,4.0,9.5,10.5,0.14584240699567744,2024-07-20_17:20:00,4.0,False,9.5,0.3855028664589357,7,0.045353278406933616,,0,True,66.86161912972725,0,-66.86161912972725,6619.300293842997,10000.0,3380.6997061570028,-1.0
2024-07-25,18:45:00,NEWBURY,Polygram,7f,6.0,9.0,11.44,0.15355493517587074,2024-07-25_18:45:00,3.0,True,9.0,0.3819944165828366,7,0.04774930207285458,,0,True,66.19300293842997,0,-66.19300293842997,6486.914287966138,10000.0,3513.0857120338624,-1.0
2024-07-25,18:45:00,NEWBURY,Qilin Queen,7f,3.0,13.0,18.9,0.12144527990042943,2024-07-25_18:45:00,4.0,False,13.0,0.5787886387055826,7,0.04823238655879855,,0,True,66.19300293842997,0,-66.19300293842997,6486.914287966138,10000.0,3513.0857120338624,-1.0
2024-08-17,13:50:00,NEWBURY,Go Daddy,1m5½f,3.0,9.5,12.85,0.1956004436537143,2024-08-17_13:50:00,3.0,True,9.5,0.8582042147102859,5,0.10096520173062186,,0,True,65.49526096937544,0,-65.49526096937544,6356.549884117101,10000.0,3643.450115882899,-1.0
2024-08-17,13:50:00,NEWBURY,Sumo Sam,1m5½f,4.0,15.0,18.5,0.12753419679143072,2024-08-17_13:50:00,4.0,False,15.0,0.9130129518714607,5,0.06521521084796147,,0,True,64.86914287966138,0,-64.86914287966138,6356.549884117101,10000.0,3643.450115882899,-1.0
2024-08-17,15:35:00,NEWBURY,Tiber Flow,7f,1.0,5.0,5.6,0.21236321943543085,2024-08-17_15:35:00,3.0,True,5.0,0.061816097177154194,7,0.015454024294288549,,0,True,63.565498841171014,1,254.26199536468405,6610.811879481786,10000.0,3389.1881205182144,4.0
2024-08-17,15:35:00,NEWBURY,Witch Hunter,7f,2.0,9.0,9.8,0.11023810652011223,2024-08-17_15:35:00,4.0,False,9.0,-0.007857041318989899,7,-0.0009821301648737374,kelly_low|,0,False,0.0,0,0.0,6610.811879481786,10000.0,3389.1881205182144,0.0
2024-09-05,16:40:00,NEWBURY,Mercury Day,7f,4.0,5.0,5.7,0.1652085869707419,2024-09-05_16:40:00,3.0,True,5.0,-0.1739570651462905,7,-0.043489266286572625,kelly_low|,0,False,0.0,0,0.0,6610.811879481786,10000.0,3389.1881205182144,0.0
2024-09-05,16:40:00,NEWBURY,Queens Reign,7f,2.0,5.5,6.02,0.15501979986211875,2024-09-05_16:40:00,4.0,False,5.5,-0.14739110075834683,7,-0.032753577946299295,kelly_low|,0,False,0.0,0,0.0,6610.811879481786,10000.0,3389.1881205182144,0.0
2024-09-20,14:25:00,NEWBURY,Electrifarhh,7f,4.0,19.0,28.05,0.11862298999732757,2024-09-20_14:25:00,3.0,True,19.0,1.2538368099492234,4,0.06965760055273464,,0,True,66.10811879481786,0,-66.10811879481786,6544.703760686968,10000.0,3455.296239313032,-1.0
2024-09-20,14:25:00,NEWBURY,Isabella Castile,7f,3.0,34.0,55.0,0.041730993870486156,2024-09-20_14:25:00,4.0,False,34.0,0.41885379159652936,4,0.012692539139288769,odds_high|,0,False,0.0,0,0.0,6544.703760686968,10000.0,3455.296239313032,0.0
2024-09-20,15:30:00,NEWBURY,Regal Ulixes,1m,1.0,3.13,3.44,0.29747730314415916,2024-09-20_15:30:00,3.0,True,3.13,-0.0688960411587819,4,-0.03234555922947507,kelly_low|,0,False,0.0,1,0.0,6544.703760686968,10000.0,3455.296239313032,0.0
2024-09-20,15:30:00,NEWBURY,Echalar,1m,3.0,26.0,34.96,0.07251909539545821,2024-09-20_15:30:00,4.0,False,26.0,0.8854964802819136,4,0.03541985921127654,odds_high|,0,False,0.0,0,0.0,6544.703760686968,10000.0,3455.296239313032,0.0
2024-09-21,15:15:00,NEWBURY,Sarab Star,6f,6.0,5.0,6.4,0.16377006832769833,2024-09-21_15:15:00,3.0,True,5.0,-0.18114965836150831,6,-0.04528741459037708,kelly_low|,0,False,0.0,0,0.0,6479.256723080099,10000.0,3520.7432769199013,0.0
2024-09-21,15:15:00,NEWBURY,Billboard Star,6f,3.0,9.0,10.84,0.16177423289180695,2024-09-21_15:15:00,4.0,False,9.0,0.45596809602626254,6,0.05699601200328282,,0,True,65.44703760686969,0,-65.44703760686969,6479.256723080099,10000.0,3520.7432769199013,-1.0
2024-09-21,15:50:00,NEWBURY,Al Samed,7f,5.0,6.5,6.49,0.16045583769994515,2024-09-21_15:50:00,4.0,False,6.5,0.042962945049643486,7,0.007811444554480634,,0,True,64.79256723080098,0,-64.79256723080098,6349.671588618497,10000.0,3650.3284113815034,-1.0
2024-09-21,15:50:00,NEWBURY,Shiplake,7f,6.0,7.0,7.99,0.16337401100626242,2024-09-21_15:50:00,3.0,True,7.0,0.143618077043837,7,0.023936346173972833,,0,True,64.79256723080098,0,-64.79256723080098,6349.671588618497,10000.0,3650.3284113815034,-1.0
2024-09-21,16:25:00,NEWBURY,One More,7f,2.0,3.25,3.3,0.1756128154066519,2024-09-21_16:25:00,3.0,True,3.25,-0.42925834992838136,7,-0.19078148885705837,kelly_low|,0,False,0.0,0,0.0,6698.903525992514,10000.0,3301.096474007486,0.0
2024-09-21,16:25:00,NEWBURY,Make You Smile,7f,1.0,6.5,7.99,0.15611486748327932,2024-09-21_16:25:00,4.0,False,6.5,0.014746638641315535,7,0.0026812070256937337,,0,True,63.496715886184965,1,349.2319373740173,6698.903525992514,10000.0,3301.096474007486,5.5
2024-09-21,17:00:00,NEWBURY,Movie Maker,7f,1.0,3.75,3.84,0.1722590959163893,2024-09-21_17:00:00,4.0,False,3.75,-0.3540283903135401,7,-0.12873759647765096,kelly_low|,0,False,0.0,1,0.0,6631.914490732589,10000.0,3368.085509267411,0.0
2024-09-21,17:00:00,NEWBURY,Metaverse,7f,4.0,6.5,7.66,0.186251192173449,2024-09-21_17:00:00,3.0,True,6.5,0.21063274912741836,7,0.03829686347771243,,0,True,66.98903525992515,0,-66.98903525992515,6631.914490732589,10000.0,3368.085509267411,-1.0
2024-10-25,13:41:00,NEWBURY,Grey Owl,2m,3.0,4.5,5.2,0.19808621178991195,2024-10-25_13:41:00,3.0,True,4.5,-0.10861204694539628,7,-0.031032013412970367,kelly_low|,0,False,0.0,0,0.0,6565.595345825263,10000.0,3434.4046541747366,0.0
2024-10-25,13:41:00,NEWBURY,Tailorman,2m,4.0,8.0,8.85,0.13256320780452832,2024-10-25_13:41:00,4.0,False,8.0,0.06050566243622657,7,0.00864366606231808,,0,True,66.31914490732589,0,-66.31914490732589,6565.595345825263,10000.0,3434.4046541747366,-1.0
2024-10-25,14:51:00,NEWBURY,Mercian Warrior,7f,1.0,4.33,4.41,0.20255011472919415,2024-10-25_14:51:00,3.0,True,4.33,-0.12295800322258932,7,-0.03692432529206886,kelly_low|,0,False,0.0,1,0.0,6499.93939236701,10000.0,3500.0606076329896,0.0
2024-10-25,14:51:00,NEWBURY,United Approach,7f,5.0,7.5,9.42,0.15332093349935935,2024-10-25_14:51:00,4.0,False,7.5,0.14990700124519518,7,0.023062615576183873,,0,True,65.65595345825264,0,-65.65595345825264,6499.93939236701,10000.0,3500.0606076329896,-1.0
2024-10-26,15:45:00,NEWBURY,Feigning Madness,1m4f,4.0,9.0,8.93,0.15754133357157085,2024-10-26_15:45:00,3.0,True,9.0,0.41787200214413767,6,0.05223400026801721,,0,True,64.99939392367011,0,-64.99939392367011,6369.94060451967,10000.0,3630.05939548033,-1.0
2024-10-26,15:45:00,NEWBURY,Salt Bay,1m4f,5.0,12.0,15.6,0.13090379735394653,2024-10-26_15:45:00,4.0,False,12.0,0.5708455682473584,6,0.05189505165885077,,0,True,64.99939392367011,0,-64.99939392367011,6369.94060451967,10000.0,3630.05939548033,-1.0
2024-10-26,16:19:00,NEWBURY,Hatysa,1m,5.0,6.5,7.28,0.1687151847662283,2024-10-26_16:19:00,3.0,True,6.5,0.09664870098048384,6,0.017572491087360698,,0,True,63.6994060451967,0,-63.6994060451967,6242.541792429277,10000.0,3757.458207570723,-1.0
2024-10-26,16:19:00,NEWBURY,Brightandbeautiful,1m,4.0,8.5,9.12,0.14221242131232628,2024-10-26_16:19:00,4.0,False,8.5,0.20880558115477343,6,0.027840744153969792,,0,True,63.6994060451967,0,-63.6994060451967,6242.541792429277,10000.0,3757.458207570723,-1.0
2024-11-07,12:30:00,NEWBURY,Aurigny Mill,2m½f,1.0,5.0,5.79,0.18876915902698532,2024-11-07_12:30:00,3.0,True,5.0,-0.05615420486507339,7,-0.014038551216268347,kelly_low|,0,False,0.0,1,0.0,6242.541792429277,10000.0,3757.458207570723,0.0
2024-11-07,12:30:00,NEWBURY,Junkanoo,2m½f,5.0,6.5,6.5,0.15140703235253417,2024-11-07_12:30:00,4.0,False,6.5,-0.01585428970852798,7,-0.002882598128823269,kelly_low|,0,False,0.0,0,0.0,6242.541792429277,10000.0,3757.458207570723,0.0
2024-11-07,13:05:00,NEWBURY,LAstronome,2m½f,3.0,10.0,12.0,0.17808585425343876,2024-11-07_13:05:00,3.0,True,10.0,0.7808585425343875,6,0.08676206028159861,,0,True,62.42541792429277,0,-62.42541792429277,6741.945135823619,10000.0,3258.0548641763808,-1.0
2024-11-07,13:05:00,NEWBURY,Hartington,2m½f,1.0,10.0,12.32,0.14000061051929763,2024-11-07_13:05:00,4.0,False,10.0,0.4000061051929764,6,0.044445122799219604,,0,True,62.42541792429277,1,561.828761318635,6741.945135823619,10000.0,3258.0548641763808,9.0
2024-11-07,13:40:00,NEWBURY,Bowtogreatness,2m7½f,1.0,7.0,6.59,0.1798903192915618,2024-11-07_13:40:00,3.0,True,7.0,0.2592322350409326,5,0.043205372506822104,,0,True,67.41945135823619,1,404.5167081494171,7079.0423926148005,10000.0,2920.9576073851995,6.0
2024-11-07,13:40:00,NEWBURY,Olivers Travels,2m7½f,4.0,9.5,11.5,0.156585180328176,2024-11-07_13:40:00,4.0,False,9.5,0.48755921311767214,5,0.05735990742560849,,0,True,67.41945135823619,0,-67.41945135823619,7079.0423926148005,10000.0,2920.9576073851995,-1.0
2024-11-07,14:17:00,NEWBURY,Mary,2m½f,3.0,6.5,7.4,0.21285437955599457,2024-11-07_14:17:00,3.0,True,6.5,0.38355346711396465,4,0.06973699402072085,,0,True,70.79042392614801,0,-70.79042392614801,6937.461544762505,10000.0,3062.5384552374953,-1.0
2024-11-07,14:17:00,NEWBURY,Kitty Foyle,2m½f,2.0,15.0,17.94,0.09890216351088016,2024-11-07_14:17:00,4.0,False,15.0,0.48353245266320233,4,0.03453803233308588,,0,True,70.79042392614801,0,-70.79042392614801,6937.461544762505,10000.0,3062.5384552374953,-1.0
2024-11-07,14:52:00,NEWBURY,Emitom,3m,2.0,3.5,3.93,0.22524204125336975,2024-11-07_14:52:00,4.0,False,3.5,-0.2116528556132059,4,-0.08466114224528236,kelly_low|,0,False,0.0,0,0.0,6868.08692931488,10000.0,3131.91307068512,0.0
2024-11-07,14:52:00,NEWBURY,Monmiral,3m,3.0,5.5,6.4,0.23935328212068369,2024-11-07_14:52:00,3.0,True,5.5,0.3164430516637602,4,0.07032067814750226,,0,True,69.37461544762505,0,-69.37461544762505,6868.08692931488,10000.0,3131.91307068512,-1.0
2024-11-07,15:27:00,NEWBURY,High Treason,2m4f,3.0,6.0,6.88,0.1590439046402289,2024-11-07_15:27:00,3.0,True,6.0,-0.04573657215862659,6,-0.009147314431725317,kelly_low|,0,False,0.0,0,0.0,6868.08692931488,10000.0,3131.91307068512,0.0
2024-11-07,15:27:00,NEWBURY,Id Like To Know,2m4f,5.0,6.5,7.22,0.13446928741186298,2024-11-07_15:27:00,4.0,False,6.5,-0.12594963182289065,6,-0.02289993305870739,kelly_low|,0,False,0.0,0,0.0,6868.08692931488,10000.0,3131.91307068512,0.0
2024-11-07,16:02:00,NEWBURY,El Cairos,2m½f,1.0,4.2,4.35,0.20071219366402623,2024-11-07_16:02:00,3.0,True,4.2,-0.15700878661108975,6,-0.049065245815965546,kelly_low|,0,False,0.0,1,0.0,6799.406060021731,10000.0,3200.593939978269,0.0
2024-11-07,16:02:00,NEWBURY,Wandering Ego,2m½f,3.0,6.5,7.8,0.1554250503614799,2024-11-07_16:02:00,4.0,False,6.5,0.010262827349619363,6,0.0018659686090217024,,0,True,68.6808692931488,0,-68.6808692931488,6799.406060021731,10000.0,3200.593939978269,-1.0
2024-11-29,13:55:00,NEWBURY,Johnnywho,2m4f,3.0,4.33,5.1,0.20488640596964144,2024-11-29_13:55:00,3.0,True,4.33,-0.11284186215145253,6,-0.03388644509052628,kelly_low|,0,False,0.0,0,0.0,6731.411999421513,10000.0,3268.5880005784866,0.0
2024-11-29,13:55:00,NEWBURY,Masaccio,2m4f,2.0,7.0,7.56,0.16596586070276184,2024-11-29_13:55:00,4.0,False,7.0,0.16176102491933286,6,0.02696017081988881,,0,True,67.99406060021731,0,-67.99406060021731,6731.411999421513,10000.0,3268.5880005784866,-1.0
2024-11-29,15:05:00,NEWBURY,Langer Dan,3m,3.0,6.0,7.02,0.17801299921290592,2024-11-29_15:05:00,4.0,False,6.0,0.06807799527743552,4,0.013615599055487104,,0,True,67.31411999421513,0,-67.31411999421513,6596.783759433083,10000.0,3403.216240566917,-1.0
2024-11-29,15:05:00,NEWBURY,Monmiral,3m,2.0,6.5,7.3,0.2356955655650466,2024-11-29_15:05:00,3.0,True,6.5,0.5320211761728029,4,0.09673112294050962,,0,True,67.31411999421513,0,-67.31411999421513,6596.783759433083,10000.0,3403.216240566917,-1.0
2024-11-30,13:15:00,NEWBURY,French Ship,2m4½f,4.0,5.0,6.02,0.23750544099361012,2024-11-30_13:15:00,3.0,True,5.0,0.18752720496805064,6,0.04688180124201266,,0,True,65.96783759433083,0,-65.96783759433083,6464.848084244421,10000.0,3535.1519157555786,-1.0
2024-11-30,13:15:00,NEWBURY,Electric Mason,2m4½f,3.0,17.0,19.28,0.06929054372066011,2024-11-30_13:15:00,4.0,False,17.0,0.1779392432512219,6,0.011121202703201369,,0,True,65.96783759433083,0,-65.96783759433083,6464.848084244421,10000.0,3535.1519157555786,-1.0
2024-12-18,13:15:00,NEWBURY,Mt Fugi Park,2m7½f,,4.5,5.88,0.1763162711899937,2024-12-18_13:15:00,4.0,False,4.5,-0.2065767796450283,6,-0.059021937041436656,kelly_low|,0,False,0.0,0,0.0,6464.848084244421,10000.0,3535.1519157555786,0.0
2024-12-18,13:15:00,NEWBURY,Kyntara,2m7½f,4.0,5.5,5.69,0.18169898207028484,2024-12-18_13:15:00,3.0,True,5.5,-0.0006555986134334502,6,-0.00014568858076298893,kelly_low|,0,False,0.0,0,0.0,6464.848084244421,10000.0,3535.1519157555786,0.0
2024-12-18,14:25:00,NEWBURY,Primoz,2m½f,,5.5,6.86,0.22599014592193942,2024-12-18_14:25:00,3.0,True,5.5,0.2429458025706669,5,0.05398795612681487,,0,True,64.64848084244421,0,-64.64848084244421,6335.551122559533,10000.0,3664.448877440467,-1.0
2024-12-18,14:25:00,NEWBURY,Bourbali,2m½f,3.0,9.0,10.77,0.1526732894411216,2024-12-18_14:25:00,4.0,False,9.0,0.3740596049700944,5,0.0467574506212618,,0,True,64.64848084244421,0,-64.64848084244421,6335.551122559533,10000.0,3664.448877440467,-1.0
2024-12-18,15:00:00,NEWBURY,Densworth,2m4f,,4.5,5.37,0.2117302068544481,2024-12-18_15:00:00,3.0,True,4.5,-0.047214069154983496,6,-0.013489734044280999,kelly_low|,0,False,0.0,0,0.0,6272.195611333937,10000.0,3727.8043886660626,0.0
2024-12-18,15:00:00,NEWBURY,The Edgar Wallace,2m4f,4.0,10.0,9.98,0.13893881171009898,2024-12-18_15:00:00,4.0,False,10.0,0.38938811710098964,6,0.0432653463445544,,0,True,63.35551122559533,0,-63.35551122559533,6272.195611333937,10000.0,3727.8043886660626,-1.0
2024-12-28,13:12:00,NEWBURY,Skycutter,2m½f,4.0,6.0,5.79,0.19230881147668633,2024-12-28_13:12:00,3.0,True,6.0,0.15385286886011795,5,0.03077057377202359,,0,True,62.721956113339374,0,-62.721956113339374,6146.751699107259,10000.0,3853.248300892741,-1.0
2024-12-28,13:12:00,NEWBURY,No Risk With Lou,2m½f,3.0,6.5,6.48,0.16201583640147565,2024-12-28_13:12:00,4.0,False,6.5,0.053102936609591755,5,0.009655079383562137,,0,True,62.721956113339374,0,-62.721956113339374,6146.751699107259,10000.0,3853.248300892741,-1.0
2024-12-28,14:55:00,NEWBURY,Bill Joyce,2m4½f,3.0,5.5,6.18,0.22602133948440103,2024-12-28_14:55:00,3.0,True,5.5,0.24311736716420573,7,0.05402608159204572,,0,True,61.46751699107259,0,-61.46751699107259,6023.816665125114,10000.0,3976.183334874886,-1.0
2024-12-28,14:55:00,NEWBURY,First Confession,2m4½f,7.0,15.0,22.0,0.0776312795701667,2024-12-28_14:55:00,4.0,False,15.0,0.16446919355250056,7,0.011747799539464325,,0,True,61.46751699107259,0,-61.46751699107259,6023.816665125114,10000.0,3976.183334874886,-1.0
2025-01-15,13:55:00,NEWBURY,Star Of Guiting,2m½f,2.0,5.5,6.2,0.19215756606295709,2025-01-15_13:55:00,3.0,True,5.5,0.05686661334626397,7,0.01263702518805866,,0,True,60.23816665125114,0,-60.23816665125114,5903.340331822612,10000.0,4096.659668177388,-1.0
2025-01-15,13:55:00,NEWBURY,Lenjoleur De Palma,2m½f,4.0,10.0,15.24,0.1410569397303806,2025-01-15_13:55:00,4.0,False,10.0,0.41056939730380615,7,0.04561882192264513,,0,True,60.23816665125114,0,-60.23816665125114,5903.340331822612,10000.0,4096.659668177388,-1.0
2025-01-15,15:35:00,NEWBURY,Lady Balko,2m7½f,5.0,3.75,4.38,0.18735963100227745,2025-01-15_15:35:00,4.0,False,3.75,-0.2974013837414595,5,-0.1081459577241671,kelly_low|,0,False,0.0,0,0.0,5844.306928504386,10000.0,4155.693071495614,0.0
2025-01-15,15:35:00,NEWBURY,Fantastic Lady,2m7½f,3.0,5.5,6.63,0.20349033762062843,2025-01-15_15:35:00,3.0,True,5.5,0.11919685691345638,5,0.02648819042521253,,0,True,59.03340331822612,0,-59.03340331822612,5844.306928504386,10000.0,4155.693071495614,-1.0
2025-02-08,13:15:00,NEWBURY,Rubber Ball,2m½f,1.0,4.5,5.38,0.27103701174735234,2025-02-08_13:15:00,3.0,True,4.5,0.21966655286308556,5,0.06276187224659588,,0,True,58.44306928504386,1,204.55074249765352,6048.857671002039,10000.0,3951.142328997961,3.5
2025-02-08,13:15:00,NEWBURY,Atomic Level,2m½f,4.0,101.0,210.74,0.002937011356373846,2025-02-08_13:15:00,4.0,False,101.0,-0.7033618530062415,5,-0.007033618530062415,kelly_low|odds_high|,0,False,0.0,0,0.0,6048.857671002039,10000.0,3951.142328997961,0.0
2025-02-08,14:25:00,NEWBURY,Bravemansgame,2m7½f,3.0,4.0,4.4,0.14938213117844157,2025-02-08_14:25:00,3.0,True,4.0,-0.4024714752862337,7,-0.13415715842874457,kelly_low|,0,False,0.0,0,0.0,5988.369094292018,10000.0,4011.6309057079816,0.0
2025-02-08,14:25:00,NEWBURY,Fugitif,2m7½f,6.0,13.0,16.22,0.12401982509773724,2025-02-08_14:25:00,4.0,False,13.0,0.6122577262705841,7,0.05102147718921534,,0,True,60.48857671002039,0,-60.48857671002039,5988.369094292018,10000.0,4011.6309057079816,-1.0
2025-02-08,15:00:00,NEWBURY,Edwardstone,2m½f,5.0,4.5,4.73,0.1992310428749546,2025-02-08_15:00:00,3.0,True,4.5,-0.10346030706270426,5,-0.02956008773220122,kelly_low|,0,False,0.0,0,0.0,5988.369094292018,10000.0,4011.6309057079816,0.0
2025-02-08,15:00:00,NEWBURY,Libberty Hunter,2m½f,2.0,5.5,6.4,0.16103064570228515,2025-02-08_15:00:00,4.0,False,5.5,-0.11433144863743161,5,-0.025406988586095913,kelly_low|,0,False,0.0,0,0.0,5988.369094292018,10000.0,4011.6309057079816,0.0
2025-02-08,16:10:00,NEWBURY,Lord Of Thunder,2m7½f,1.0,6.5,7.33,0.1691863432534472,2025-02-08_16:10:00,3.0,True,6.5,0.09971123114740676,6,0.018129314754073957,,0,True,59.88369094292018,1,329.360300186061,6257.845703535159,10000.0,3742.1542964648406,5.5
2025-02-08,16:10:00,NEWBURY,Saint Davy,2m7½f,4.0,6.5,7.78,0.16224067034015952,2025-02-08_16:10:00,4.0,False,6.5,0.05456435721103692,6,0.00992079222018853,,0,True,59.88369094292018,0,-59.88369094292018,6257.845703535159,10000.0,3742.1542964648406,-1.0
2025-02-28,14:13:00,NEWBURY,Star Of Affinity,2m4½f,3.0,5.5,6.5,0.17136476706401152,2025-02-28_14:13:00,3.0,True,5.5,-0.057493781147936684,7,-0.012776395810652597,kelly_low|,0,False,0.0,0,0.0,6195.267246499808,10000.0,3804.7327535001923,0.0
2025-02-28,14:13:00,NEWBURY,French Symphony,2m4½f,7.0,8.5,9.8,0.13099701741194222,2025-02-28_14:13:00,4.0,False,8.5,0.11347464800150897,7,0.015129953066867863,,0,True,62.5784570353516,0,-62.5784570353516,6195.267246499808,10000.0,3804.7327535001923,-1.0
2025-02-28,15:23:00,NEWBURY,All Authorized,2m4f,3.0,4.33,5.34,0.23615271292206966,2025-02-28_15:23:00,3.0,True,4.33,0.022541246952561655,4,0.006769143228997494,,0,True,61.95267246499808,0,-61.95267246499808,6412.101600127301,10000.0,3587.898399872699,-1.0
2025-02-28,15:23:00,NEWBURY,Kikijo,2m4f,1.0,5.5,5.8,0.2053633884180542,2025-02-28_15:23:00,4.0,False,5.5,0.12949863629929814,4,0.028777474733177363,,0,True,61.95267246499808,1,278.7870260924914,6412.101600127301,10000.0,3587.898399872699,4.5
2025-02-28,15:58:00,NEWBURY,Ludor,2m4½f,2.0,7.5,7.2,0.20557690307330706,2025-02-28_15:58:00,3.0,True,7.5,0.541826773049803,5,0.08335796508458507,,0,True,64.121016001273,0,-64.121016001273,6347.980584126028,10000.0,3652.0194158739723,-1.0
2025-02-28,15:58:00,NEWBURY,Dyno Dave,2m4½f,4.0,23.0,27.97,0.09809364731224546,2025-02-28_15:58:00,4.0,False,23.0,1.2561538881816454,5,0.05709790400825661,odds_high|,0,False,0.0,0,0.0,6347.980584126028,10000.0,3652.0194158739723,0.0
2025-02-28,16:33:00,NEWBURY,Rath Gaul Hill,2m½f,1.0,5.5,7.33,0.2297105101840314,2025-02-28_16:33:00,3.0,True,5.5,0.26340780601217284,5,0.058535068002705075,,0,True,63.47980584126028,1,285.6591262856713,6570.159904570439,10000.0,3429.840095429561,4.5
2025-02-28,16:33:00,NEWBURY,Ballybreeze,2m½f,3.0,11.0,12.45,0.13239397894195012,2025-02-28_16:33:00,4.0,False,11.0,0.45633376836145145,5,0.04563337683614514,,0,True,63.47980584126028,0,-63.47980584126028,6570.159904570439,10000.0,3429.840095429561,-1.0
2025-03-01,13:55:00,NEWBURY,Nap Hand,2m½f,5.0,6.0,7.05,0.15055348076860844,2025-03-01_13:55:00,4.0,False,6.0,-0.09667911538834939,6,-0.01933582307766988,kelly_low|,0,False,0.0,0,0.0,6504.458305524734,10000.0,3495.541694475266,0.0
2025-03-01,13:55:00,NEWBURY,Razzle Dazzle Boy,2m½f,2.0,6.5,6.8,0.15950897238514297,2025-03-01_13:55:00,3.0,True,6.5,0.036808320503429304,6,0.006692421909714419,,0,True,65.70159904570438,0,-65.70159904570438,6504.458305524734,10000.0,3495.541694475266,-1.0
2025-03-01,14:30:00,NEWBURY,Law Of Supply,2m7½f,4.0,4.5,5.25,0.20883792556195216,2025-03-01_14:30:00,3.0,True,4.5,-0.0602293349712153,5,-0.017208381420347228,kelly_low|,0,False,0.0,0,0.0,6992.292678439089,10000.0,3007.7073215609107,0.0
2025-03-01,14:30:00,NEWBURY,Rivers Corner,2m7½f,1.0,8.5,8.8,0.15608858751518973,2025-03-01_14:30:00,4.0,False,8.5,0.3267529938791126,5,0.04356706585054835,,0,True,65.04458305524734,1,487.8343729143551,6992.292678439089,10000.0,3007.7073215609107,7.5
2025-03-01,15:05:00,NEWBURY,Lario,2m½f,2.0,4.5,5.25,0.21251104194860979,2025-03-01_15:05:00,3.0,True,4.5,-0.04370031123125595,6,-0.01248580320893027,kelly_low|,0,False,0.0,0,0.0,6992.292678439089,10000.0,3007.7073215609107,0.0
2025-03-01,15:05:00,NEWBURY,Kap Ouest,2m½f,,6.5,8.57,0.14952469887899897,2025-03-01_15:05:00,4.0,False,6.5,-0.02808945728650669,6,-0.005107174052092126,kelly_low|,0,False,0.0,0,0.0,6992.292678439089,10000.0,3007.7073215609107,0.0
2025-03-01,16:50:00,NEWBURY,Hill In Brazil,2m½f,6.0,8.0,10.96,0.15393136287725434,2025-03-01_16:50:00,3.0,True,8.0,0.23145090301803473,6,0.033064414716862105,,0,True,69.9229267843909,0,-69.9229267843909,6852.446824870308,10000.0,3147.553175129692,-1.0
2025-03-01,16:50:00,NEWBURY,Queens Abbey,2m½f,3.0,8.5,11.0,0.14937961567989436,2025-03-01_16:50:00,4.0,False,8.5,0.269726733279102,6,0.0359635644372136,,0,True,69.9229267843909,0,-69.9229267843909,6852.446824870308,10000.0,3147.553175129692,-1.0
2025-03-21,13:55:00,NEWBURY,Nazare,2m4½f,3.0,12.0,17.08,0.18440153452789734,2025-03-21_13:55:00,3.0,True,12.0,1.2128184143347682,5,0.11025621948497893,,0,True,75.55248811320477,0,-75.55248811320477,6776.894336757103,10000.0,3223.105663242897,-1.0
2025-03-21,13:55:00,NEWBURY,Broxy Music,2m4½f,4.0,81.0,212.58,0.0038278293579148658,2025-03-21_13:55:00,4.0,False,81.0,-0.6899458220088959,5,-0.008624322775111198,kelly_low|odds_high|,0,False,0.0,0,0.0,6776.894336757103,10000.0,3223.105663242897,0.0
2025-03-21,14:30:00,NEWBURY,Havaila,2m7½f,2.0,4.0,4.3,0.16606721612843026,2025-03-21_14:30:00,3.0,True,4.0,-0.335731135486279,7,-0.11191037849542633,kelly_low|,0,False,0.0,0,0.0,6709.125393389531,10000.0,3290.8746066104686,0.0
2025-03-21,14:30:00,NEWBURY,Idefix De Ciergues,2m7½f,6.0,10.0,13.73,0.13088817964824304,2025-03-21_14:30:00,4.0,False,10.0,0.3088817964824304,7,0.034320199609158934,,0,True,67.76894336757103,0,-67.76894336757103,6709.125393389531,10000.0,3290.8746066104686,-1.0
2025-03-21,15:30:00,NEWBURY,Hititi,3m,5.0,7.5,9.25,0.13755856828576382,2025-03-21_15:30:00,4.0,False,7.5,0.03168926214322865,6,0.0048752710989582535,,0,True,67.09125393389532,0,-67.09125393389532,6574.942885521741,10000.0,3425.057114478259,-1.0
2025-03-21,15:30:00,NEWBURY,Jubilant,3m,3.0,8.5,12.28,0.15308226925587895,2025-03-21_15:30:00,3.0,True,8.5,0.30119928867497114,6,0.04015990515666282,,0,True,67.09125393389532,0,-67.09125393389532,6574.942885521741,10000.0,3425.057114478259,-1.0
2025-03-21,16:02:00,NEWBURY,The Boola Boss,2m6½f,1.0,5.0,5.66,0.20585985333368428,2025-03-21_16:02:00,3.0,True,5.0,0.02929926666842142,6,0.007324816667105355,,0,True,65.74942885521742,1,262.99771542086967,6837.940600942611,10000.0,3162.059399057389,4.0
2025-03-21,16:02:00,NEWBURY,Stormy Flight,2m6½f,6.0,6.5,7.8,0.1517215536176834,2025-03-21_16:02:00,4.0,False,6.5,-0.013809901485057785,6,-0.0025108911791014155,kelly_low|,0,False,0.0,0,0.0,6837.940600942611,10000.0,3162.059399057389,0.0
2025-03-21,17:10:00,NEWBURY,Rebel Dawn Rising,2m7½f,1.0,5.5,6.82,0.15399325817367188,2025-03-21_17:10:00,4.0,False,5.5,-0.15303708004480476,5,-0.034008240009956614,kelly_low|,0,False,0.0,1,0.0,6769.561194933185,10000.0,3230.438805066815,0.0
2025-03-21,17:10:00,NEWBURY,Trevada,2m7½f,,5.5,5.91,0.2215607140948678,2025-03-21_17:10:00,3.0,True,5.5,0.2185839275217729,5,0.048574206115949536,,0,True,68.37940600942612,0,-68.37940600942612,6769.561194933185,10000.0,3230.438805066815,-1.0
2025-03-22,15:50:00,NEWBURY,Lasting Love,2m½f,5.0,13.0,16.57,0.1461306054604342,2025-03-22_15:50:00,3.0,True,13.0,0.8996978709856444,5,0.07497482258213703,,0,True,67.69561194933185,0,-67.69561194933185,6701.8655829838535,10000.0,3298.1344170161465,-1.0
2025-03-22,15:50:00,NEWBURY,Goodbyemick,2m½f,4.0,21.0,42.0,0.05512463173164496,2025-03-22_15:50:00,4.0,False,21.0,0.1576172663645441,5,0.007880863318227205,odds_high|,0,False,0.0,0,0.0,6701.8655829838535,10000.0,3298.1344170161465,0.0
2025-03-22,17:00:00,NEWBURY,Teddy Blue,2m½f,2.0,4.33,5.14,0.1965097431147624,2025-03-22_17:00:00,3.0,True,4.33,-0.1491128123130787,6,-0.04477862231623985,kelly_low|,0,False,0.0,0,0.0,7271.524157537481,10000.0,2728.475842462519,0.0
2025-03-22,17:00:00,NEWBURY,Ballybreeze,2m½f,1.0,9.5,11.5,0.14483274823671438,2025-03-22_17:00:00,4.0,False,9.5,0.3759111082487867,6,0.04422483626456314,,0,True,67.01865582983854,1,569.6585745536275,7271.524157537481,10000.0,2728.475842462519,8.5
2025-03-22,17:35:00,NEWBURY,Fidelio Vallis,2m7½f,6.0,8.5,8.94,0.1421701736281083,2025-03-22_17:35:00,4.0,False,8.5,0.2084464758389204,6,0.027792863445189386,,0,True,72.71524157537482,0,-72.71524157537482,7126.093674386731,10000.0,2873.9063256132686,-1.0
2025-03-22,17:35:00,NEWBURY,Golden Son,2m7½f,3.0,9.0,12.25,0.1572684418002678,2025-03-22_17:35:00,3.0,True,9.0,0.4154159762024102,6,0.05192699702530128,,0,True,72.71524157537482,0,-72.71524157537482,7126.093674386731,10000.0,2873.9063256132686,-1.0
2025-04-11,16:10:00,NEWBURY,Spirit Mixer,2m½f,5.0,5.5,6.54,0.1473621177107743,2025-04-11_16:10:00,4.0,False,5.5,-0.1895083525907415,7,-0.042112967242387,kelly_low|,0,False,0.0,0,0.0,7054.832737642864,10000.0,2945.1672623571358,0.0
2025-04-11,16:10:00,NEWBURY,Vice President,2m½f,6.0,7.0,8.05,0.160647971987564,2025-04-11_16:10:00,3.0,True,7.0,0.12453580391294805,7,0.020755967318824675,,0,True,71.26093674386732,0,-71.26093674386732,7054.832737642864,10000.0,2945.1672623571358,-1.0
2025-04-12,13:25:00,NEWBURY,Bellum Justum,1m4f,5.0,6.0,6.84,0.23281000447679537,2025-04-12_13:25:00,3.0,True,6.0,0.39686002686077226,7,0.07937200537215446,,0,True,70.54832737642865,0,-70.54832737642865,7971.960993536437,10000.0,2028.039006463563,-1.0
2025-04-12,13:25:00,NEWBURY,Divina Grace,1m4f,1.0,15.0,16.5,0.07468319904525109,2025-04-12_13:25:00,4.0,False,15.0,0.12024798567876627,7,0.008589141834197591,,0,True,70.54832737642865,1,987.6765832700011,7971.960993536437,10000.0,2028.039006463563,14.0
2025-04-12,16:19:00,NEWBURY,Gold Cup Day,1m3f,5.0,7.0,8.43,0.15678065426955645,2025-04-12_16:19:00,3.0,True,7.0,0.09746457988689516,7,0.01624409664781586,,0,True,79.71960993536437,0,-79.71960993536437,7812.521773665708,10000.0,2187.4782263342922,-1.0
2025-04-12,16:19:00,NEWBURY,Al Wasl Storm,1m3f,7.0,9.5,10.73,0.12590103357336793,2025-04-12_16:19:00,4.0,False,9.5,0.1960598189469953,7,0.023065861052587684,,0,True,79.71960993536437,0,-79.71960993536437,7812.521773665708,10000.0,2187.4782263342922,-1.0
2025-05-17,12:50:00,NEWBURY,Al Aasy,1m4f,4.0,3.25,3.49,0.14710316614299973,2025-05-17_12:50:00,4.0,False,3.25,-0.5219147100352508,7,-0.23196209334900036,kelly_low|,0,False,0.0,0,0.0,7734.396555929051,10000.0,2265.603444070949,0.0
2025-05-17,12:50:00,NEWBURY,Sunway,1m4f,5.0,5.5,5.88,0.19653690221757505,2025-05-17_12:50:00,3.0,True,5.5,0.08095296219666281,7,0.01798954715481396,,0,True,78.12521773665708,0,-78.12521773665708,7734.396555929051,10000.0,2265.603444070949,-1.0
