Date of Race,Time,Track,Horse,Distance,Place,Industry SP,Betfair SP,Predicted_Win_Probability,Race_ID,Predicted_Rank,Top_3_Flag,Odds_To_Use,Expected_Value,Field_Size,Kelly_Fraction,Reject_Reason,Winrate_Threshold,Bet_Placed,Stake,Actual_Result,Bet_Return,Bankroll_After_Race
2023-02-11,14:25:00,NEWBURY,Fanion DEstruval,2m7½f,4.0,4.33,4.7,0.2104191171487908,2023-02-11_14:25:00,3.0,True,4.33,-0.08888522274573585,7,-0.02669225908280356,kelly_low|,0,False,0.0,0,0.0,10000.0
2023-02-11,14:25:00,NEWBURY,Does He Know,2m7½f,3.0,8.5,10.0,0.1124287348804942,2023-02-11_14:25:00,4.0,False,8.5,-0.044355753515799345,7,-0.005914100468773246,kelly_low|,0,False,0.0,0,0.0,10000.0
2023-02-11,15:00:00,NEWBURY,Malystic,2m½f,4.0,6.0,7.52,0.1554196762039404,2023-02-11_15:00:00,4.0,False,6.0,-0.06748194277635766,4,-0.013496388555271532,kelly_low|,0,False,0.0,0,0.0,9900.0
2023-02-19,15:00:00,NEWBURY,Amalfi Skyline,2m½f,,13.0,19.19,0.07344663485487575,2023-02-19_15:00:00,4.0,False,13.0,-0.04519374688661515,5,-0.003766145573884596,kelly_low|,0,False,0.0,0,0.0,9604.98
2023-02-19,16:45:00,NEWBURY,Max Wolf,2m½f,4.0,29.0,64.18,0.04333461420133167,2023-02-19_16:45:00,4.0,False,29.0,0.25670381183861835,4,0.009167993279950656,odds_high|,0,False,0.0,0,0.0,9508.930199999999
2023-03-03,13:40:00,NEWBURY,Sashenka,2m4½f,1.0,5.0,5.7,0.16431742052074225,2023-03-03_13:40:00,4.0,False,5.0,-0.17841289739628874,7,-0.044603224349072185,kelly_low|,0,False,0.0,1,0.0,9508.930199999999
2023-03-03,13:40:00,NEWBURY,Ballycamus,2m4½f,2.0,5.0,5.5,0.17193782852369324,2023-03-03_13:40:00,3.0,True,5.0,-0.14031085738153382,7,-0.035077714345383454,kelly_low|,0,False,0.0,0,0.0,9508.930199999999
2023-03-03,16:00:00,NEWBURY,Bothwell Bridge,3m,5.0,6.0,7.0,0.16252737116456065,2023-03-03_16:00:00,3.0,True,6.0,-0.024835773012636175,7,-0.004967154602527235,kelly_low|,0,False,0.0,0,0.0,9318.751595999998
2023-03-03,16:00:00,NEWBURY,Hurricane Harvey,3m,3.0,7.0,8.36,0.13428999131748895,2023-03-03_16:00:00,4.0,False,7.0,-0.05997006077757738,7,-0.00999501012959623,kelly_low|,0,False,0.0,0,0.0,9318.751595999998
2023-03-03,17:05:00,NEWBURY,Passing Reflection,2m3f,4.0,4.0,3.9,0.23807912478978102,2023-03-03_17:05:00,3.0,True,4.0,-0.047683500840875914,4,-0.015894500280291973,kelly_low|,0,False,0.0,0,0.0,9041.052798439197
2023-03-04,13:40:00,NEWBURY,Cloth Cap,3m2f,5.0,4.5,4.4,0.18049475478909618,2023-03-04_13:40:00,4.0,False,4.5,-0.18777360344906724,5,-0.053649600985447785,kelly_low|,0,False,0.0,0,0.0,9583.515966345549
2023-03-04,14:45:00,NEWBURY,Gemirande,2m4f,2.0,4.0,4.5,0.19073750197714395,2023-03-04_14:45:00,3.0,True,4.0,-0.2370499920914242,7,-0.07901666403047473,kelly_low|,0,False,0.0,0,0.0,9487.680806682094
2023-03-04,16:00:00,NEWBURY,Fame And Fun,2m½f,2.0,4.33,4.96,0.18382198627311733,2023-03-04_16:00:00,3.0,True,4.33,-0.204050799437402,7,-0.06127651634756817,kelly_low|,0,False,0.0,0,0.0,9487.680806682094
2023-03-04,16:00:00,NEWBURY,Dom Perry,2m½f,3.0,5.5,6.44,0.18136339844356564,2023-03-04_16:00:00,4.0,False,5.5,-0.002501308560388993,7,-0.0005558463467531095,kelly_low|,0,False,0.0,0,0.0,9487.680806682094
2023-03-04,16:35:00,NEWBURY,Flash Collonges,2m7½f,1.0,5.0,5.63,0.19785489727138064,2023-03-04_16:35:00,3.0,True,5.0,-0.010725513643096818,5,-0.0026813784107742045,kelly_low|,0,False,0.0,1,0.0,9392.803998615273
2023-03-25,15:15:00,NEWBURY,Abbeyhill,2m½f,6.0,41.0,80.0,0.017470116932697958,2023-03-25_15:15:00,4.0,False,41.0,-0.28372520575938376,7,-0.007093130143984594,kelly_low|odds_high|,0,False,0.0,0,0.0,9107.188737735056
2023-04-22,13:30:00,NEWBURY,Max Vega,1m4f,3.0,5.0,6.45,0.1984275690404119,2023-04-22_13:30:00,3.0,True,5.0,-0.007862154797940502,7,-0.0019655386994851254,kelly_low|,0,False,0.0,0,0.0,8485.89705062187
2023-06-07,15:45:00,NEWBURY,Sergeant Tibbs,6f,4.0,5.0,6.2,0.1677832161491357,2023-06-07_15:45:00,3.0,True,5.0,-0.16108391925432153,7,-0.04027097981358038,kelly_low|,0,False,0.0,0,0.0,8068.356972143071
2023-06-07,16:20:00,NEWBURY,Sayifyouwill,7f,4.0,5.0,5.8,0.1970322573551069,2023-06-07_16:20:00,3.0,True,5.0,-0.014838713224465505,7,-0.0037096783061163763,kelly_low|,0,False,0.0,0,0.0,8068.356972143071
2023-06-07,16:20:00,NEWBURY,Havana By The Sea,7f,5.0,5.0,5.6,0.1764618323340166,2023-06-07_16:20:00,4.0,False,5.0,-0.117690838329917,7,-0.02942270958247925,kelly_low|,0,False,0.0,0,0.0,8068.356972143071
2023-06-27,19:15:00,NEWBURY,Greystoke,1m4f,6.0,6.0,7.2,0.13597145826491236,2023-06-27_19:15:00,4.0,False,6.0,-0.18417125041052596,7,-0.03683425008210519,kelly_low|,0,False,0.0,0,0.0,7776.885375476621
2023-06-27,19:15:00,NEWBURY,Obsidian Knight,1m4f,2.0,6.0,7.17,0.1533034692856465,2023-06-27_19:15:00,3.0,True,6.0,-0.08017918428612092,7,-0.016035836857224185,kelly_low|,0,False,0.0,0,0.0,7776.885375476621
2023-07-06,19:15:00,NEWBURY,Sassy Belle,7f,3.0,4.5,5.15,0.17230485724608774,2023-07-06_19:15:00,3.0,True,4.5,-0.2246281423926052,7,-0.06417946925503006,kelly_low|,0,False,0.0,0,0.0,7776.885375476621
2023-07-06,19:15:00,NEWBURY,Milteye,7f,4.0,5.0,5.62,0.168669909305256,2023-07-06_19:15:00,4.0,False,5.0,-0.15665045347372009,7,-0.03916261336843002,kelly_low|,0,False,0.0,0,0.0,7776.885375476621
2023-07-06,20:25:00,NEWBURY,Graham,1m2f,2.0,4.33,4.8,0.190789961083097,2023-07-06_20:25:00,3.0,True,4.33,-0.17387946851018998,7,-0.05221605660966666,kelly_low|,0,False,0.0,0,0.0,8238.054678242384
2023-07-21,16:10:00,NEWBURY,Night Sparkle,1m5½f,1.0,5.5,6.5,0.17264224840035478,2023-07-21_16:10:00,3.0,True,5.5,-0.05046763379804875,7,-0.011215029732899721,kelly_low|,0,False,0.0,1,0.0,8073.293584677536
2023-07-21,16:10:00,NEWBURY,Divina Grace,1m5½f,3.0,6.5,7.1,0.15077612212798625,2023-07-21_16:10:00,4.0,False,6.5,-0.019955206168089434,7,-0.003628219303288988,kelly_low|,0,False,0.0,0,0.0,8073.293584677536
2023-07-22,17:20:00,NEWBURY,Ana Gold,1m,5.0,4.5,5.21,0.19528576700890962,2023-07-22_17:20:00,3.0,True,4.5,-0.12121404845990669,6,-0.03463258527425905,kelly_low|,0,False,0.0,0,0.0,7832.709435854145
2023-08-18,16:55:00,NEWBURY,Mrembo,1m2f,6.0,6.5,6.46,0.15087144831370478,2023-08-18_16:55:00,3.0,True,6.5,-0.01933558596091889,7,-0.003515561083803434,kelly_low|,0,False,0.0,0,0.0,7931.383872822583
2023-09-22,15:00:00,NEWBURY,Ebts Guard,7f,2.0,4.2,4.48,0.19449017146523906,2023-09-22_15:00:00,3.0,True,4.2,-0.18314127984599593,5,-0.05723164995187373,kelly_low|,0,False,0.0,0,0.0,7617.301071458809
2023-09-22,15:00:00,NEWBURY,Commander Crouch,7f,4.0,5.5,6.22,0.17984493075308572,2023-09-22_15:00:00,4.0,False,5.5,-0.01085288085802849,5,-0.002411751301784109,kelly_low|,0,False,0.0,0,0.0,7617.301071458809
2023-09-22,15:35:00,NEWBURY,Blue Lemons,1m,3.0,4.33,4.54,0.18180753781754952,2023-09-22_15:35:00,3.0,True,4.33,-0.21277336125001056,6,-0.06389590427928245,kelly_low|,0,False,0.0,0,0.0,7541.128060744221
2023-09-22,17:20:00,NEWBURY,Concorde,1m2f,1.0,4.0,5.39,0.191932592854375,2023-09-22_17:20:00,3.0,True,4.0,-0.2322696285825,7,-0.0774232095275,kelly_low|,0,False,0.0,1,0.0,8370.652147426086
2023-09-22,17:20:00,NEWBURY,Entrancement,1m2f,2.0,5.0,5.49,0.18372867435206697,2023-09-22_17:20:00,4.0,False,5.0,-0.08135662823966516,7,-0.02033915705991629,kelly_low|,0,False,0.0,0,0.0,8370.652147426086
2023-09-23,13:30:00,NEWBURY,Sense Of Duty,5f,3.0,3.75,4.39,0.20973464899976293,2023-09-23_13:30:00,3.0,True,3.75,-0.213495066250889,5,-0.07763456954577781,kelly_low|,0,False,0.0,0,0.0,8286.945625951825
2023-09-23,14:05:00,NEWBURY,Salt Bay,1m5½f,2.0,5.5,6.13,0.1580491804635056,2023-09-23_14:05:00,3.0,True,5.5,-0.1307295074507192,7,-0.029051001655715378,kelly_low|,0,False,0.0,0,0.0,8286.945625951825
2023-09-23,14:05:00,NEWBURY,Oneforthegutter,1m5½f,6.0,6.5,7.78,0.13929182296863246,2023-09-23_14:05:00,4.0,False,6.5,-0.09460315070388903,7,-0.01720057285525255,kelly_low|,0,False,0.0,0,0.0,8286.945625951825
2023-09-23,15:50:00,NEWBURY,New Chelsea,7f,2.0,5.0,6.31,0.17836651548028087,2023-09-23_15:50:00,3.0,True,5.0,-0.10816742259859558,7,-0.027041855649648894,kelly_low|,0,False,0.0,0,0.0,8608.479116238756
2023-09-23,17:00:00,NEWBURY,Welleef,1m,5.0,5.0,5.5,0.17364138775218663,2023-09-23_17:00:00,3.0,True,5.0,-0.13179306123906687,7,-0.03294826530976672,kelly_low|,0,False,0.0,0,0.0,8608.479116238756
2023-09-23,17:00:00,NEWBURY,City Of York,1m,1.0,6.0,6.24,0.15211813673180496,2023-09-23_17:00:00,4.0,False,6.0,-0.08729117960917021,7,-0.017458235921834042,kelly_low|,0,False,0.0,1,0.0,8608.479116238756
2023-12-01,13:50:00,NEWBURY,Nickle Back,2m4f,2.0,4.33,4.58,0.1649569815821739,2023-12-01_13:50:00,3.0,True,4.33,-0.2857362697491871,6,-0.0858066876123685,kelly_low|,0,False,0.0,0,0.0,8351.94643857484
2023-12-01,15:00:00,NEWBURY,Flight Deck,3m,3.0,21.0,22.94,0.11842275479682185,2023-12-01_15:00:00,3.0,True,21.0,1.4868778507332587,6,0.07434389253666293,odds_high|,0,False,0.0,0,0.0,8103.058434705309
2023-12-02,15:25:00,NEWBURY,Elixir De Nutz,2m½f,1.0,5.5,6.46,0.18153407145685124,2023-12-02_15:25:00,3.0,True,5.5,-0.001562606987318249,6,-0.00034724599718183313,kelly_low|,0,False,0.0,1,0.0,7861.587293351091
2023-12-20,12:15:00,NEWBURY,Gusty,2m½f,,34.0,48.62,0.02748554393027385,2023-12-20_12:15:00,4.0,False,34.0,-0.06549150637068923,6,-0.001984591102142098,kelly_low|odds_high|,0,False,0.0,0,0.0,7782.97142041758
2023-12-20,14:00:00,NEWBURY,Lilith,2m7½f,4.0,26.0,42.81,0.04137870113019501,2023-12-20_14:00:00,4.0,False,26.0,0.07584622938507024,5,0.00303384917540281,odds_high|,0,False,0.0,0,0.0,7932.404471689598
2023-12-30,13:15:00,NEWBURY,The Russian Doyen,2m½f,4.0,4.5,5.6,0.20281764421301496,2023-12-30_13:15:00,3.0,True,4.5,-0.08732060104143269,5,-0.024948743154695054,kelly_low|,0,False,0.0,0,0.0,7696.018818433247
2023-12-30,13:50:00,NEWBURY,Irish Hill,2m4½f,2.0,4.33,4.53,0.19707291087092316,2023-12-30_13:50:00,3.0,True,4.33,-0.1466742959289027,6,-0.04404633511378459,kelly_low|,0,False,0.0,0,0.0,7619.058630248915
2023-12-30,15:35:00,NEWBURY,Ballycamus,2m6½f,4.0,5.0,5.5,0.18228786018076304,2023-12-30_15:35:00,3.0,True,5.0,-0.0885606990961848,7,-0.0221401747740462,kelly_low|,0,False,0.0,0,0.0,7542.868043946425
2024-01-23,15:45:00,NEWBURY,Id Like To Know,2m½f,2.0,4.5,5.4,0.19547851899267082,2024-01-23_15:45:00,3.0,True,4.5,-0.12034666453298126,6,-0.034384761295137505,kelly_low|,0,False,0.0,0,0.0,7467.439363506961
2024-02-10,14:05:00,NEWBURY,Hitman,2m7½f,2.0,10.0,12.0,0.0995418381188133,2024-02-10_14:05:00,4.0,False,10.0,-0.0045816188118669166,5,-0.0005090687568741018,kelly_low|,0,False,0.0,0,0.0,7392.7649698718915
2024-02-10,15:50:00,NEWBURY,Makinyourmindup,2m7½f,1.0,4.5,4.81,0.2041990321670253,2024-02-10_15:50:00,3.0,True,4.5,-0.0811043552483861,5,-0.023172672928110316,kelly_low|,0,False,0.0,1,0.0,7172.460573769709
2024-03-01,14:25:00,NEWBURY,Glorious LIon,2m½f,3.0,21.0,30.0,0.07910755541693544,2024-03-01_14:25:00,4.0,False,21.0,0.6612586637556442,5,0.03306293318778221,odds_high|,0,False,0.0,0,0.0,7423.496693851649
2024-03-01,15:00:00,NEWBURY,Ballycamus,2m4f,2.0,5.0,5.6,0.19871478760254202,2024-03-01_15:00:00,4.0,False,5.0,-0.006426061987289899,4,-0.0016065154968224749,kelly_low|,0,False,0.0,0,0.0,7349.261726913132
2024-03-01,15:35:00,NEWBURY,Just Chasing May,2m4½f,4.0,34.0,77.98,0.02381433987821974,2024-03-01_15:35:00,4.0,False,34.0,-0.19031244414052872,5,-0.005767043761834204,kelly_low|odds_high|,0,False,0.0,0,0.0,7275.769109644001
2024-03-01,16:45:00,NEWBURY,High Game Royal,3m,3.0,5.0,6.2,0.1671606840781487,2024-03-01_16:45:00,3.0,True,5.0,-0.16419657960925638,7,-0.041049144902314094,kelly_low|,0,False,0.0,0,0.0,7130.253727451121
2024-03-01,16:45:00,NEWBURY,Hermino AA,3m,4.0,6.0,7.57,0.15189579040969892,2024-03-01_16:45:00,4.0,False,6.0,-0.0886252575418065,7,-0.0177250515083613,kelly_low|,0,False,0.0,0,0.0,7130.253727451121
2024-03-02,13:20:00,NEWBURY,Commodore,3m2f,,7.0,7.92,0.1390469114256064,2024-03-02_13:20:00,4.0,False,7.0,-0.026671620020755182,7,-0.004445270003459197,kelly_low|,0,False,0.0,0,0.0,7058.95119017661
2024-03-02,15:32:00,NEWBURY,Knowwhentoholdem,2m4½f,1.0,5.0,5.46,0.18843595531165772,2024-03-02_15:32:00,3.0,True,5.0,-0.05782022344171145,6,-0.014455055860427862,kelly_low|,0,False,0.0,1,0.0,6848.594444709347
2024-03-22,14:00:00,NEWBURY,Secret Investor,2m7½f,1.0,4.0,4.3,0.21454933989095132,2024-03-22_14:00:00,3.0,True,4.0,-0.14180264043619473,6,-0.04726754681206491,kelly_low|,0,False,0.0,1,0.0,6644.506330257009
2024-03-22,14:30:00,NEWBURY,Are U Wise To That,2m7½f,4.0,6.0,7.26,0.14803029775332782,2024-03-22_14:30:00,3.0,True,6.0,-0.11181821348003296,7,-0.022363642696006592,kelly_low|,0,False,0.0,0,0.0,6578.061266954439
2024-03-23,16:25:00,NEWBURY,Rath Gaul Hill,2m½f,1.0,4.33,4.61,0.19083056004147766,2024-03-23_16:25:00,3.0,True,4.33,-0.17370367502040163,7,-0.05216326577189238,kelly_low|,0,False,0.0,1,0.0,6382.035041199197
2024-03-23,17:00:00,NEWBURY,First Lord De Cuet,2m7½f,3.0,5.5,5.82,0.154222028763961,2024-03-23_17:00:00,3.0,True,5.5,-0.15177884179821455,7,-0.03372863151071434,kelly_low|,0,False,0.0,0,0.0,6764.9571436711485
2024-04-20,14:05:00,NEWBURY,Star Music,7f,6.0,6.0,6.84,0.15900109568499446,2024-04-20_14:05:00,4.0,False,6.0,-0.0459934258900333,6,-0.00919868517800666,kelly_low|,0,False,0.0,0,0.0,7103.205000854706
2024-05-18,17:15:00,NEWBURY,Diamond Rain,1m2f,1.0,4.0,3.98,0.2153581917798808,2024-05-18_17:15:00,3.0,True,4.0,-0.1385672328804768,5,-0.04618907762682559,kelly_low|,0,False,0.0,1,0.0,7103.205000854706
2024-05-18,17:15:00,NEWBURY,Siyola,1m2f,3.0,4.0,4.35,0.2016295769222276,2024-05-18_17:15:00,4.0,False,4.0,-0.19348169231108958,5,-0.06449389743702987,kelly_low|,0,False,0.0,0,0.0,7103.205000854706
2024-06-25,17:30:00,NEWBURY,Aphrodites Rock,7f,4.0,34.0,53.36,0.043199517005886374,2024-06-25_17:30:00,4.0,False,34.0,0.4687835782001367,6,0.01420556297576172,odds_high|,0,False,0.0,0,0.0,7032.1729508461585
2024-07-04,19:55:00,NEWBURY,Red Maids,7f,2.0,5.5,6.11,0.16620835397919306,2024-07-04_19:55:00,3.0,True,5.5,-0.08585405311443817,7,-0.019078678469875147,kelly_low|,0,False,0.0,0,0.0,6891.529491829236
2024-07-04,19:55:00,NEWBURY,Woodstock,7f,1.0,5.5,6.19,0.15764754190354266,2024-07-04_19:55:00,4.0,False,5.5,-0.1329385195305154,7,-0.02954189322900342,kelly_low|,0,False,0.0,1,0.0,6891.529491829236
2024-07-19,17:20:00,NEWBURY,Lieber Power,1m4f,2.0,6.0,7.58,0.15710691956629377,2024-07-19_17:20:00,3.0,True,6.0,-0.057358482602237415,7,-0.011471696520447484,kelly_low|,0,False,0.0,0,0.0,6822.614196910943
2024-07-20,17:20:00,NEWBURY,Circe,1m,1.0,6.5,7.86,0.14734587702414392,2024-07-20_17:20:00,3.0,True,6.5,-0.042251799343064556,7,-0.007682145335102647,kelly_low|,0,False,0.0,1,0.0,6619.300293842997
2024-08-17,15:35:00,NEWBURY,Witch Hunter,7f,2.0,9.0,9.8,0.11023810652011223,2024-08-17_15:35:00,4.0,False,9.0,-0.007857041318989899,7,-0.0009821301648737374,kelly_low|,0,False,0.0,0,0.0,6610.811879481786
2024-09-05,16:40:00,NEWBURY,Mercury Day,7f,4.0,5.0,5.7,0.1652085869707419,2024-09-05_16:40:00,3.0,True,5.0,-0.1739570651462905,7,-0.043489266286572625,kelly_low|,0,False,0.0,0,0.0,6610.811879481786
2024-09-05,16:40:00,NEWBURY,Queens Reign,7f,2.0,5.5,6.02,0.15501979986211875,2024-09-05_16:40:00,4.0,False,5.5,-0.14739110075834683,7,-0.032753577946299295,kelly_low|,0,False,0.0,0,0.0,6610.811879481786
2024-09-20,14:25:00,NEWBURY,Isabella Castile,7f,3.0,34.0,55.0,0.041730993870486156,2024-09-20_14:25:00,4.0,False,34.0,0.41885379159652936,4,0.012692539139288769,odds_high|,0,False,0.0,0,0.0,6544.703760686968
2024-09-20,15:30:00,NEWBURY,Regal Ulixes,1m,1.0,3.13,3.44,0.29747730314415916,2024-09-20_15:30:00,3.0,True,3.13,-0.0688960411587819,4,-0.03234555922947507,kelly_low|,0,False,0.0,1,0.0,6544.703760686968
2024-09-20,15:30:00,NEWBURY,Echalar,1m,3.0,26.0,34.96,0.07251909539545821,2024-09-20_15:30:00,4.0,False,26.0,0.8854964802819136,4,0.03541985921127654,odds_high|,0,False,0.0,0,0.0,6544.703760686968
2024-09-21,15:15:00,NEWBURY,Sarab Star,6f,6.0,5.0,6.4,0.16377006832769833,2024-09-21_15:15:00,3.0,True,5.0,-0.18114965836150831,6,-0.04528741459037708,kelly_low|,0,False,0.0,0,0.0,6479.256723080099
2024-09-21,16:25:00,NEWBURY,One More,7f,2.0,3.25,3.3,0.1756128154066519,2024-09-21_16:25:00,3.0,True,3.25,-0.42925834992838136,7,-0.19078148885705837,kelly_low|,0,False,0.0,0,0.0,6698.903525992514
2024-09-21,17:00:00,NEWBURY,Movie Maker,7f,1.0,3.75,3.84,0.1722590959163893,2024-09-21_17:00:00,4.0,False,3.75,-0.3540283903135401,7,-0.12873759647765096,kelly_low|,0,False,0.0,1,0.0,6631.914490732589
2024-10-25,13:41:00,NEWBURY,Grey Owl,2m,3.0,4.5,5.2,0.19808621178991195,2024-10-25_13:41:00,3.0,True,4.5,-0.10861204694539628,7,-0.031032013412970367,kelly_low|,0,False,0.0,0,0.0,6565.595345825263
2024-10-25,14:51:00,NEWBURY,Mercian Warrior,7f,1.0,4.33,4.41,0.20255011472919415,2024-10-25_14:51:00,3.0,True,4.33,-0.12295800322258932,7,-0.03692432529206886,kelly_low|,0,False,0.0,1,0.0,6499.93939236701
2024-11-07,12:30:00,NEWBURY,Aurigny Mill,2m½f,1.0,5.0,5.79,0.18876915902698532,2024-11-07_12:30:00,3.0,True,5.0,-0.05615420486507339,7,-0.014038551216268347,kelly_low|,0,False,0.0,1,0.0,6242.541792429277
2024-11-07,12:30:00,NEWBURY,Junkanoo,2m½f,5.0,6.5,6.5,0.15140703235253417,2024-11-07_12:30:00,4.0,False,6.5,-0.01585428970852798,7,-0.002882598128823269,kelly_low|,0,False,0.0,0,0.0,6242.541792429277
2024-11-07,14:52:00,NEWBURY,Emitom,3m,2.0,3.5,3.93,0.22524204125336975,2024-11-07_14:52:00,4.0,False,3.5,-0.2116528556132059,4,-0.08466114224528236,kelly_low|,0,False,0.0,0,0.0,6868.08692931488
2024-11-07,15:27:00,NEWBURY,High Treason,2m4f,3.0,6.0,6.88,0.1590439046402289,2024-11-07_15:27:00,3.0,True,6.0,-0.04573657215862659,6,-0.009147314431725317,kelly_low|,0,False,0.0,0,0.0,6868.08692931488
2024-11-07,15:27:00,NEWBURY,Id Like To Know,2m4f,5.0,6.5,7.22,0.13446928741186298,2024-11-07_15:27:00,4.0,False,6.5,-0.12594963182289065,6,-0.02289993305870739,kelly_low|,0,False,0.0,0,0.0,6868.08692931488
2024-11-07,16:02:00,NEWBURY,El Cairos,2m½f,1.0,4.2,4.35,0.20071219366402623,2024-11-07_16:02:00,3.0,True,4.2,-0.15700878661108975,6,-0.049065245815965546,kelly_low|,0,False,0.0,1,0.0,6799.406060021731
2024-11-29,13:55:00,NEWBURY,Johnnywho,2m4f,3.0,4.33,5.1,0.20488640596964144,2024-11-29_13:55:00,3.0,True,4.33,-0.11284186215145253,6,-0.03388644509052628,kelly_low|,0,False,0.0,0,0.0,6731.411999421513
2024-12-18,13:15:00,NEWBURY,Mt Fugi Park,2m7½f,,4.5,5.88,0.1763162711899937,2024-12-18_13:15:00,4.0,False,4.5,-0.2065767796450283,6,-0.059021937041436656,kelly_low|,0,False,0.0,0,0.0,6464.848084244421
2024-12-18,13:15:00,NEWBURY,Kyntara,2m7½f,4.0,5.5,5.69,0.18169898207028484,2024-12-18_13:15:00,3.0,True,5.5,-0.0006555986134334502,6,-0.00014568858076298893,kelly_low|,0,False,0.0,0,0.0,6464.848084244421
2024-12-18,15:00:00,NEWBURY,Densworth,2m4f,,4.5,5.37,0.2117302068544481,2024-12-18_15:00:00,3.0,True,4.5,-0.047214069154983496,6,-0.013489734044280999,kelly_low|,0,False,0.0,0,0.0,6272.195611333937
2025-01-15,15:35:00,NEWBURY,Lady Balko,2m7½f,5.0,3.75,4.38,0.18735963100227745,2025-01-15_15:35:00,4.0,False,3.75,-0.2974013837414595,5,-0.1081459577241671,kelly_low|,0,False,0.0,0,0.0,5844.306928504386
2025-02-08,13:15:00,NEWBURY,Atomic Level,2m½f,4.0,101.0,210.74,0.002937011356373846,2025-02-08_13:15:00,4.0,False,101.0,-0.7033618530062415,5,-0.007033618530062415,kelly_low|odds_high|,0,False,0.0,0,0.0,6048.857671002039
2025-02-08,14:25:00,NEWBURY,Bravemansgame,2m7½f,3.0,4.0,4.4,0.14938213117844157,2025-02-08_14:25:00,3.0,True,4.0,-0.4024714752862337,7,-0.13415715842874457,kelly_low|,0,False,0.0,0,0.0,5988.369094292018
2025-02-08,15:00:00,NEWBURY,Edwardstone,2m½f,5.0,4.5,4.73,0.1992310428749546,2025-02-08_15:00:00,3.0,True,4.5,-0.10346030706270426,5,-0.02956008773220122,kelly_low|,0,False,0.0,0,0.0,5988.369094292018
2025-02-08,15:00:00,NEWBURY,Libberty Hunter,2m½f,2.0,5.5,6.4,0.16103064570228515,2025-02-08_15:00:00,4.0,False,5.5,-0.11433144863743161,5,-0.025406988586095913,kelly_low|,0,False,0.0,0,0.0,5988.369094292018
2025-02-28,14:13:00,NEWBURY,Star Of Affinity,2m4½f,3.0,5.5,6.5,0.17136476706401152,2025-02-28_14:13:00,3.0,True,5.5,-0.057493781147936684,7,-0.012776395810652597,kelly_low|,0,False,0.0,0,0.0,6195.267246499808
2025-02-28,15:58:00,NEWBURY,Dyno Dave,2m4½f,4.0,23.0,27.97,0.09809364731224546,2025-02-28_15:58:00,4.0,False,23.0,1.2561538881816454,5,0.05709790400825661,odds_high|,0,False,0.0,0,0.0,6347.980584126028
2025-03-01,13:55:00,NEWBURY,Nap Hand,2m½f,5.0,6.0,7.05,0.15055348076860844,2025-03-01_13:55:00,4.0,False,6.0,-0.09667911538834939,6,-0.01933582307766988,kelly_low|,0,False,0.0,0,0.0,6504.458305524734
2025-03-01,14:30:00,NEWBURY,Law Of Supply,2m7½f,4.0,4.5,5.25,0.20883792556195216,2025-03-01_14:30:00,3.0,True,4.5,-0.0602293349712153,5,-0.017208381420347228,kelly_low|,0,False,0.0,0,0.0,6992.292678439089
2025-03-01,15:05:00,NEWBURY,Lario,2m½f,2.0,4.5,5.25,0.21251104194860979,2025-03-01_15:05:00,3.0,True,4.5,-0.04370031123125595,6,-0.01248580320893027,kelly_low|,0,False,0.0,0,0.0,6992.292678439089
2025-03-01,15:05:00,NEWBURY,Kap Ouest,2m½f,,6.5,8.57,0.14952469887899897,2025-03-01_15:05:00,4.0,False,6.5,-0.02808945728650669,6,-0.005107174052092126,kelly_low|,0,False,0.0,0,0.0,6992.292678439089
2025-03-21,13:55:00,NEWBURY,Broxy Music,2m4½f,4.0,81.0,212.58,0.0038278293579148658,2025-03-21_13:55:00,4.0,False,81.0,-0.6899458220088959,5,-0.008624322775111198,kelly_low|odds_high|,0,False,0.0,0,0.0,6776.894336757103
2025-03-21,14:30:00,NEWBURY,Havaila,2m7½f,2.0,4.0,4.3,0.16606721612843026,2025-03-21_14:30:00,3.0,True,4.0,-0.335731135486279,7,-0.11191037849542633,kelly_low|,0,False,0.0,0,0.0,6709.125393389531
2025-03-21,16:02:00,NEWBURY,Stormy Flight,2m6½f,6.0,6.5,7.8,0.1517215536176834,2025-03-21_16:02:00,4.0,False,6.5,-0.013809901485057785,6,-0.0025108911791014155,kelly_low|,0,False,0.0,0,0.0,6837.940600942611
2025-03-21,17:10:00,NEWBURY,Rebel Dawn Rising,2m7½f,1.0,5.5,6.82,0.15399325817367188,2025-03-21_17:10:00,4.0,False,5.5,-0.15303708004480476,5,-0.034008240009956614,kelly_low|,0,False,0.0,1,0.0,6769.561194933185
2025-03-22,15:50:00,NEWBURY,Goodbyemick,2m½f,4.0,21.0,42.0,0.05512463173164496,2025-03-22_15:50:00,4.0,False,21.0,0.1576172663645441,5,0.007880863318227205,odds_high|,0,False,0.0,0,0.0,6701.8655829838535
2025-03-22,17:00:00,NEWBURY,Teddy Blue,2m½f,2.0,4.33,5.14,0.1965097431147624,2025-03-22_17:00:00,3.0,True,4.33,-0.1491128123130787,6,-0.04477862231623985,kelly_low|,0,False,0.0,0,0.0,7271.524157537481
2025-04-11,16:10:00,NEWBURY,Spirit Mixer,2m½f,5.0,5.5,6.54,0.1473621177107743,2025-04-11_16:10:00,4.0,False,5.5,-0.1895083525907415,7,-0.042112967242387,kelly_low|,0,False,0.0,0,0.0,7054.832737642864
2025-05-17,12:50:00,NEWBURY,Al Aasy,1m4f,4.0,3.25,3.49,0.14710316614299973,2025-05-17_12:50:00,4.0,False,3.25,-0.5219147100352508,7,-0.23196209334900036,kelly_low|,0,False,0.0,0,0.0,7734.396555929051
